-- phpMyAdmin SQL Dump
-- version 5.2.1
-- https://www.phpmyadmin.net/
--
-- Host: 127.0.0.1
-- Generation Time: Jun 30, 2025 at 04:37 AM
-- Server version: 10.4.32-MariaDB
-- PHP Version: 8.2.12

SET SQL_MODE = "NO_AUTO_VALUE_ON_ZERO";
START TRANSACTION;
SET time_zone = "+00:00";


/*!40101 SET @OLD_CHARACTER_SET_CLIENT=@@CHARACTER_SET_CLIENT */;
/*!40101 SET @OLD_CHARACTER_SET_RESULTS=@@CHARACTER_SET_RESULTS */;
/*!40101 SET @OLD_COLLATION_CONNECTION=@@COLLATION_CONNECTION */;
/*!40101 SET NAMES utf8mb4 */;

--
-- Database: `tp-system`
--

-- --------------------------------------------------------

--
-- Table structure for table `districts`
--

CREATE TABLE `districts` (
  `district_id` int(11) NOT NULL,
  `district_name` varchar(100) NOT NULL,
  `district_code` varchar(10) DEFAULT NULL,
  `province_id` int(11) NOT NULL,
  `created_at` timestamp NOT NULL DEFAULT current_timestamp(),
  `updated_at` timestamp NOT NULL DEFAULT current_timestamp() ON UPDATE current_timestamp()
) ENGINE=InnoDB DEFAULT CHARSET=utf8 COLLATE=utf8_general_ci;

--
-- Dumping data for table `districts`
--

INSERT INTO `districts` (`district_id`, `district_name`, `district_code`, `province_id`, `created_at`, `updated_at`) VALUES
(1, 'ບໍ່ແຕນ', 'BT', 7, '2025-06-20 06:35:09', '2025-06-21 05:52:08'),
(3, 'ຈັນທະບູລີ', 'CHL', 1, '2025-06-20 07:14:11', '2025-06-21 00:28:58'),
(4, 'ສີໂຄດຕະບອງ', 'SIKH', 1, '2025-06-20 07:14:35', '2025-06-21 00:29:51'),
(6, 'ນາຊາຍທອງ', 'NAS', 1, '2025-06-20 07:15:23', '2025-06-21 00:29:12'),
(7, 'ຫາດຊາຍພອງ', 'HSP', 1, '2025-06-20 07:16:15', '2025-06-21 00:30:04'),
(8, 'ປາກງື່ມ', 'PONG', 1, '2025-06-20 07:20:09', '2025-06-21 00:29:26'),
(9, 'ສັງທອງ', 'STONG', 1, '2025-06-20 07:20:33', '2025-06-21 00:29:39'),
(10, 'ໄຊທານີ', 'STN', 1, '2025-06-20 09:06:18', '2025-06-21 00:30:13'),
(11, 'ທ່າແຂກ', 'TK', 8, '2025-06-20 15:09:30', '2025-06-20 15:09:30'),
(12, 'ມະຫາໄຊ', 'MS', 8, '2025-06-20 15:09:52', '2025-06-20 15:09:52'),
(13, 'ໜອງບົກ', 'NB', 8, '2025-06-20 15:10:24', '2025-06-20 15:10:24'),
(14, 'ຫີນບູນ', 'HB', 8, '2025-06-20 15:10:37', '2025-06-20 15:10:37'),
(15, 'ຍົມມະລາດ', 'YML', 8, '2025-06-20 15:10:53', '2025-06-20 15:10:53'),
(16, 'ບົວລະພາ', 'BLP', 8, '2025-06-20 15:11:05', '2025-06-20 15:11:05'),
(17, 'ນາກາຍ', 'NK', 8, '2025-06-20 15:11:15', '2025-06-20 15:11:15'),
(18, 'ເຊບັ້ງໄຟ', 'SBP', 8, '2025-06-20 15:11:30', '2025-06-20 15:11:30'),
(19, 'ໄຊບົວທອງ', 'SBT', 8, '2025-06-20 15:11:44', '2025-06-20 15:11:44'),
(20, 'ຄູນຄຳ', 'KK', 8, '2025-06-20 15:12:02', '2025-06-20 15:12:02'),
(21, 'ປາກເຊ', 'PS', 3, '2025-06-20 15:14:38', '2025-06-20 15:14:38'),
(22, 'ຊະນະສົມບູນ', 'SNSB', 3, '2025-06-20 15:14:54', '2025-06-20 15:14:54'),
(23, 'ບາຈຽງຈະເລີນສຸກ', 'BLS', 3, '2025-06-20 15:15:18', '2025-06-20 15:15:18'),
(24, 'ປາກຊ່ອງ', 'PS', 3, '2025-06-20 15:15:29', '2025-06-20 15:15:29'),
(25, 'ປະທຸມພອນ', 'PTP', 3, '2025-06-20 15:16:01', '2025-06-20 15:16:01'),
(26, 'ໂພນທອງ', 'PT', 3, '2025-06-20 15:16:14', '2025-06-20 15:16:14'),
(27, 'ຈຳປາສັກ', 'CPS', 3, '2025-06-20 15:16:30', '2025-06-20 15:16:30'),
(28, 'ສຸຂຸມາ', 'SKM', 3, '2025-06-20 15:16:44', '2025-06-20 15:16:44'),
(29, 'ມູນລະປະໂມກ', 'MLM', 3, '2025-06-20 15:16:57', '2025-06-20 15:16:57'),
(30, 'ໂຂງ', 'K', 3, '2025-06-20 15:17:06', '2025-06-20 15:17:06'),
(31, 'ໂພນສະຫວັນ', 'PSV', 11, '2025-06-20 15:18:39', '2025-06-20 15:18:39'),
(32, 'ຄຳ', 'KH', 11, '2025-06-20 15:18:57', '2025-06-20 15:18:57'),
(33, 'ໜອງແຮດ', 'NH', 11, '2025-06-20 15:19:10', '2025-06-20 15:19:10'),
(34, 'ຄູນ', 'K', 11, '2025-06-20 15:19:23', '2025-06-20 15:19:23'),
(35, 'ໝອກ', 'M', 11, '2025-06-20 15:19:34', '2025-06-20 15:19:34'),
(36, 'ພູກູດ', 'PK', 11, '2025-06-20 15:19:45', '2025-06-20 15:19:45'),
(37, 'ຜາໄຊ', 'PX', 11, '2025-06-20 15:19:58', '2025-06-20 15:19:58'),
(38, 'ປາກຊັນ', 'PS', 16, '2025-06-20 15:21:22', '2025-06-20 15:21:22'),
(39, 'ທ່າພະບາດ', 'TPB', 16, '2025-06-20 15:21:37', '2025-06-20 15:21:37'),
(40, 'ປາກກະດິງ', 'PKD', 16, '2025-06-20 15:21:49', '2025-06-20 15:21:49'),
(41, 'ຄຳເກີດ', 'KK', 16, '2025-06-20 15:22:04', '2025-06-20 15:22:04'),
(42, 'ບໍລິຄັນ', 'BLK', 16, '2025-06-20 15:22:17', '2025-06-20 15:22:17'),
(43, 'ວຽງທອງ', 'VT', 16, '2025-06-20 15:22:30', '2025-06-20 15:22:30'),
(44, 'ໄຊຈຳພອນ', 'XCP', 16, '2025-06-20 15:22:53', '2025-06-20 15:22:53'),
(45, 'ຫ້ວຍຊາຍ', 'HCH', 14, '2025-06-20 15:24:31', '2025-06-20 15:24:31'),
(46, 'ຕົ້ນເຜິ້ງ', 'TP', 14, '2025-06-20 15:24:42', '2025-06-20 15:24:42'),
(47, 'ເມິງ', 'M', 14, '2025-06-20 15:24:54', '2025-06-20 15:24:54'),
(48, 'ຜາອຸດົມ', 'POD', 14, '2025-06-20 15:25:06', '2025-06-20 15:25:06'),
(49, 'ປາກທາ', 'PT', 14, '2025-06-20 15:25:19', '2025-06-20 15:25:19'),
(50, 'ບຸນໃຕ້', 'BT', 17, '2025-06-20 15:29:32', '2025-06-20 15:29:32'),
(51, 'ຂວາ', 'KH', 17, '2025-06-20 15:29:43', '2025-06-20 15:29:43'),
(52, 'ໃໝ່', 'MAI', 17, '2025-06-20 15:29:53', '2025-06-20 15:29:53'),
(53, 'ຍອດອູ', 'YO', 17, '2025-06-20 15:30:05', '2025-06-20 15:30:05'),
(54, 'ຜົ້ງສາລີ', 'PSL', 17, '2025-06-20 15:30:17', '2025-06-20 15:30:17'),
(55, 'ສຳພັນ', 'SP', 17, '2025-06-20 15:30:27', '2025-06-20 15:30:27'),
(56, 'ບຸນເໜືອ', 'BN', 17, '2025-06-20 15:30:37', '2025-06-20 15:30:37'),
(57, 'ເຟືອງ', 'PEA', 15, '2025-06-20 15:31:36', '2025-06-20 15:31:36'),
(58, 'ຫີນເຫີບ', 'HIH', 15, '2025-06-20 15:31:51', '2025-06-20 15:31:51'),
(59, 'ກາສີ', 'KAS', 15, '2025-06-20 15:32:05', '2025-06-20 15:32:05'),
(60, 'ແກ້ວອຸດົມ', 'KOD', 15, '2025-06-20 15:32:18', '2025-06-20 15:32:18'),
(61, 'ແມດ', 'MEA', 15, '2025-06-20 15:32:29', '2025-06-20 15:32:29'),
(62, 'ໂພນໂຮງ', 'PH', 15, '2025-06-20 15:32:44', '2025-06-20 15:32:44'),
(63, 'ທຸລະຄົມ', 'TLK', 15, '2025-06-20 15:32:55', '2025-06-20 15:32:55'),
(64, 'ວັງວຽງ', 'VV', 15, '2025-06-20 15:33:04', '2025-06-20 15:33:04'),
(65, 'ວຽງຄຳ', 'VK', 15, '2025-06-20 15:33:14', '2025-06-20 15:33:14'),
(66, 'ຊະນະຄາມ', 'SNK', 15, '2025-06-20 15:33:26', '2025-06-20 15:33:26'),
(67, 'ໝື່ນ', 'MEU', 15, '2025-06-20 15:33:40', '2025-06-20 15:33:40'),
(68, 'ໄກສອນ ພົມວິຫານ', 'KSP', 4, '2025-06-20 15:39:18', '2025-06-20 15:39:18'),
(69, 'ອຸທຸມພອນ', 'OTP', 4, '2025-06-20 15:39:31', '2025-06-20 15:39:31'),
(70, 'ອາດສະພັງທອງ', 'OSP', 4, '2025-06-20 15:39:46', '2025-06-20 15:39:46'),
(71, 'ພີນ', 'PIN', 4, '2025-06-20 15:39:57', '2025-06-20 15:39:57'),
(72, 'ເຊໂປນ', 'SP', 4, '2025-06-20 15:40:07', '2025-06-20 15:40:07'),
(73, 'ນອງ', 'NON', 4, '2025-06-20 15:40:17', '2025-06-20 15:40:17'),
(74, 'ທ່າປາງທອງ', 'TPT', 4, '2025-06-20 15:40:30', '2025-06-20 15:40:30'),
(75, 'ສອງຄອນ', 'SK', 4, '2025-06-20 15:40:51', '2025-06-20 15:40:51'),
(76, 'ຈຳພອນ', 'CHP', 4, '2025-06-20 15:41:02', '2025-06-20 15:41:02'),
(77, 'ຊົນນະບູລີ', 'SNL', 4, '2025-06-20 15:41:15', '2025-06-20 15:41:15'),
(78, 'ໄຊບູລີ', 'SBL', 4, '2025-06-20 15:41:25', '2025-06-20 15:41:25'),
(79, 'ວິລະບູລີ', 'VLB', 4, '2025-06-20 15:41:38', '2025-06-20 15:41:38'),
(80, 'ອາດສະພອນ', 'OSP', 4, '2025-06-20 15:41:50', '2025-06-20 15:41:50'),
(81, 'ໄຊພູທອງ', 'SPT', 4, '2025-06-20 15:42:02', '2025-06-20 15:42:02'),
(82, 'ພະລານໄຊ', 'PLS', 4, '2025-06-20 15:42:13', '2025-06-20 15:42:13'),
(83, 'ສາລະວັນ', 'SLV', 9, '2025-06-20 15:45:48', '2025-06-20 15:45:48'),
(84, 'ລະຄອນເພັງ', 'LKP', 9, '2025-06-20 15:47:16', '2025-06-20 15:47:16'),
(85, 'ວາປີ', 'VP', 9, '2025-06-20 15:47:28', '2025-06-20 15:47:28'),
(86, 'ເລົ່າງາມ', 'LONG', 9, '2025-06-20 15:47:47', '2025-06-20 15:47:47'),
(87, 'ຕຸ້ມລານ', 'TL', 9, '2025-06-20 15:47:57', '2025-06-20 15:47:57'),
(88, 'ຕະໂອ້ຍ', 'TO', 9, '2025-06-20 15:48:14', '2025-06-20 15:48:14'),
(89, 'ຄົງເຊໂດນ', 'KXD', 9, '2025-06-20 15:48:33', '2025-06-20 15:48:33'),
(90, 'ສະມ້ວຍ', 'SM', 9, '2025-06-20 15:48:45', '2025-06-20 15:48:45'),
(91, 'ຊຳເໜືອ', 'SN', 10, '2025-06-20 15:51:40', '2025-06-20 15:51:40'),
(92, 'ຊຽງຄໍ້', 'XK', 10, '2025-06-20 15:52:13', '2025-06-20 15:52:13'),
(93, 'ຮ້ຽມ', 'HEM', 10, '2025-06-20 15:52:47', '2025-06-20 15:52:47'),
(94, 'ວຽງໄຊ', 'VX', 10, '2025-06-20 15:53:38', '2025-06-20 15:53:38'),
(95, 'ຫົວເມືອງ', 'HM', 10, '2025-06-20 15:53:53', '2025-06-20 15:53:53'),
(96, 'ຊຳໃຕ້', 'ST', 10, '2025-06-20 15:54:11', '2025-06-20 15:54:11'),
(97, 'ສົບເບົາ', 'SP', 10, '2025-06-20 15:54:29', '2025-06-20 15:54:29'),
(98, 'ແອດ', 'AD', 10, '2025-06-20 15:54:52', '2025-06-20 15:54:52'),
(99, 'ກວັນ', 'KEN', 10, '2025-06-20 15:55:12', '2025-06-20 15:55:12'),
(100, 'ຊ່ອນ', 'SON', 10, '2025-06-20 15:55:26', '2025-06-20 15:55:26'),
(101, 'ຫຼວງນໍ້າທາ', 'LNT', 5, '2025-06-20 15:56:53', '2025-06-20 15:56:53'),
(102, 'ລອງ', 'LON', 5, '2025-06-20 15:58:02', '2025-06-20 15:58:02'),
(103, 'ວຽງພູຄາ', 'VPK', 5, '2025-06-20 15:58:13', '2025-06-20 15:58:13'),
(104, 'ນາແລ', 'NL', 5, '2025-06-20 15:58:22', '2025-06-20 15:58:22'),
(105, 'ຫຼວງພະບາງ', 'LPB', 2, '2025-06-20 15:59:10', '2025-06-20 15:59:10'),
(106, 'ຊຽງເງິນ', 'XONG', 2, '2025-06-20 15:59:37', '2025-06-20 15:59:37'),
(107, 'ນານ', 'NAN', 2, '2025-06-20 15:59:49', '2025-06-20 15:59:49'),
(108, 'ປາກອູ', 'PAO', 2, '2025-06-20 16:00:07', '2025-06-20 16:00:07'),
(109, 'ນ້ຳບາກ', 'NAM', 2, '2025-06-20 16:00:17', '2025-06-20 16:00:17'),
(110, 'ງອຍ', 'ONG', 2, '2025-06-20 16:00:26', '2025-06-20 16:00:26'),
(111, 'ປາກແຊງ', 'PAKS', 2, '2025-06-20 16:00:41', '2025-06-20 16:00:41'),
(112, 'ໂພນໄຊ', 'PONX', 2, '2025-06-20 16:00:53', '2025-06-20 16:00:53'),
(113, 'ຈອມເພັດ', 'CHOP', 2, '2025-06-20 16:01:04', '2025-06-20 16:01:04'),
(114, 'ວຽງຄຳ', 'VKH', 2, '2025-06-20 16:01:15', '2025-06-20 16:01:15'),
(115, 'ພູຄູນ', 'PKH', 2, '2025-06-20 16:01:25', '2025-06-20 16:01:25'),
(116, 'ໂພນທອງ', 'PONT', 2, '2025-06-20 16:01:37', '2025-06-20 16:01:37'),
(117, 'ໄຊເຊດຖາ', 'XAIT', 12, '2025-06-20 16:02:14', '2025-06-20 16:02:14'),
(118, 'ສາມັກຄີໄຊ', 'SAMX', 12, '2025-06-20 16:02:29', '2025-06-20 16:02:29'),
(119, 'ສະໜາມໄຊ', 'SAN', 12, '2025-06-20 16:02:39', '2025-06-20 16:02:39'),
(120, 'ຊານໄຊ', 'SANX', 12, '2025-06-20 16:02:51', '2025-06-20 16:02:51'),
(121, 'ພູວົງ', 'POUV', 12, '2025-06-20 16:03:02', '2025-06-20 16:03:02'),
(122, 'ໄຊ', 'XAI', 6, '2025-06-20 16:03:38', '2025-06-20 16:03:38'),
(123, 'ຫລາ', 'LA', 6, '2025-06-20 16:03:49', '2025-06-20 16:03:49'),
(124, 'ນາໝໍ້', 'NAM', 6, '2025-06-20 16:04:01', '2025-06-20 16:04:01'),
(125, 'ງາ', 'ONGA', 6, '2025-06-20 16:04:13', '2025-06-20 16:04:13'),
(126, 'ແບ່ງ', 'PEA', 6, '2025-06-20 16:04:46', '2025-06-20 16:04:46'),
(127, 'ຮຸນ', 'HUN', 6, '2025-06-20 16:05:06', '2025-06-20 16:05:06'),
(128, 'ປາກແບ່ງ', 'PAKP', 6, '2025-06-20 16:05:19', '2025-06-20 16:05:19'),
(129, 'ທ່າແຕງ', 'THAT', 13, '2025-06-20 16:05:55', '2025-06-20 16:05:55'),
(130, 'ລະມາມ', 'LAM', 13, '2025-06-20 16:06:11', '2025-06-20 16:06:11'),
(131, 'ກະລຶມ', 'KAL', 13, '2025-06-20 16:06:25', '2025-06-20 16:06:25'),
(132, 'ດັກຈຶງ', 'DAKC', 13, '2025-06-20 16:06:41', '2025-06-20 16:06:41'),
(133, 'ຫົງສາ', 'HONG', 7, '2025-06-20 16:07:49', '2025-06-20 16:07:49'),
(134, 'ແກ່ນທ້າວ', 'KENT', 7, '2025-06-20 16:07:58', '2025-06-20 16:07:58'),
(135, 'ຄອບ', 'KAP', 7, '2025-06-20 16:08:15', '2025-06-20 16:08:15'),
(136, 'ເງິນ', 'ONG', 7, '2025-06-20 16:08:26', '2025-06-20 16:08:26'),
(138, 'ພຽງ', 'PONG', 7, '2025-06-20 16:08:56', '2025-06-20 16:08:56'),
(139, 'ທົ່ງມີໄຊ', 'TMX', 7, '2025-06-20 16:09:09', '2025-06-20 16:09:09'),
(140, 'ໄຊຍະບູລີ', 'XYL', 7, '2025-06-20 16:09:24', '2025-06-20 16:09:24'),
(141, 'ຊຽງຮ່ອນ', 'XHON', 7, '2025-06-20 16:09:35', '2025-06-20 16:09:35'),
(143, 'ລ້ອງແຈ້ງ', 'LONG', 18, '2025-06-20 16:10:43', '2025-06-20 16:10:43'),
(144, 'ທ່າໂທມ', 'TAT', 18, '2025-06-20 16:10:56', '2025-06-20 16:10:56'),
(145, 'ອະນຸວົງ', 'ANV', 18, '2025-06-20 16:11:06', '2025-06-20 16:11:06'),
(146, 'ລ້ອງຊານ', 'LONGX', 18, '2025-06-20 16:11:23', '2025-06-20 16:11:23'),
(147, 'ຮົ່ມ', 'HOM', 18, '2025-06-20 16:11:32', '2025-06-20 16:11:32'),
(148, 'ປາກລາຍ', 'PAKL', 7, '2025-06-21 05:54:29', '2025-06-21 05:54:29'),
(149, 'ສີສັດຕະນາກ', NULL, 1, '2025-06-28 15:05:37', '2025-06-28 15:05:37'),
(150, 'ໄຊເສດຖາ', NULL, 1, '2025-06-28 15:05:46', '2025-06-28 15:05:46');

-- --------------------------------------------------------

--
-- Table structure for table `events`
--

CREATE TABLE `events` (
  `id` int(11) NOT NULL,
  `temple_id` int(11) DEFAULT NULL,
  `title` varchar(255) DEFAULT NULL,
  `description` text DEFAULT NULL,
  `event_date` date DEFAULT NULL,
  `event_time` time DEFAULT NULL,
  `location` varchar(255) DEFAULT NULL
) ENGINE=InnoDB DEFAULT CHARSET=utf8 COLLATE=utf8_general_ci;

-- --------------------------------------------------------

--
-- Table structure for table `event_monk`
--

CREATE TABLE `event_monk` (
  `id` int(11) NOT NULL,
  `event_id` int(11) DEFAULT NULL,
  `monk_id` int(11) DEFAULT NULL,
  `role` varchar(100) DEFAULT NULL,
  `note` text DEFAULT NULL
) ENGINE=InnoDB DEFAULT CHARSET=utf8 COLLATE=utf8_general_ci;

-- --------------------------------------------------------

--
-- Table structure for table `monks`
--

CREATE TABLE `monks` (
  `id` int(11) NOT NULL COMMENT 'ລະຫັດ',
  `id_card` varchar(20) DEFAULT NULL COMMENT 'เลขบัตรประชาชน',
  `prefix` enum('ພຣະ','ຄຸນແມ່ຂາວ','ສ.ນ','ສັງກະລີ') DEFAULT NULL,
  `name` varchar(255) NOT NULL COMMENT 'ຊື່ພຣະສົງ',
  `lay_name` varchar(255) DEFAULT NULL COMMENT 'ຊື່ຄົນທົ່ວໄປກ່ອນບວດ',
  `pansa` int(11) NOT NULL COMMENT 'ຈໍານວນພັນສາ',
  `birth_date` date DEFAULT NULL COMMENT 'ວັນເກີດ',
  `birth_province` varchar(100) DEFAULT NULL,
  `ordination_date` date DEFAULT NULL COMMENT 'ວັນບວດ',
  `education` varchar(255) DEFAULT NULL COMMENT 'ການສຶກສາທົ່ວໄປ',
  `dharma_education` varchar(255) DEFAULT NULL COMMENT 'ການສຶກສາທາງທຳມະ',
  `contact_number` varchar(50) DEFAULT NULL COMMENT 'ເບີໂທຕິດຕໍ່',
  `temple_id` int(11) NOT NULL COMMENT 'ວັດທີ່ສັງກັດ',
  `position` varchar(255) DEFAULT NULL COMMENT 'ຕໍາແໜ່ງໃນວັດ',
  `photo` varchar(255) DEFAULT 'uploads/monks/default.png' COMMENT 'ຮູບພາບ',
  `status` enum('active','inactive') NOT NULL DEFAULT 'active' COMMENT 'ສະຖານະ (ບວດຢູ່ / ສຶກແລ້ວ)',
  `created_at` datetime NOT NULL COMMENT 'ວັນທີ່ສ້າງ',
  `updated_at` datetime NOT NULL COMMENT 'ວັນທີ່ປັບປຸງຫຼ້າສຸດ',
  `resignation_date` date DEFAULT NULL COMMENT 'ວັນທີສິກ'
) ENGINE=InnoDB DEFAULT CHARSET=utf8mb4 COLLATE=utf8mb4_unicode_ci COMMENT='ຕາຕະລາງຂໍ້ມູນພຣະສົງ';

--
-- Dumping data for table `monks`
--

INSERT INTO `monks` (`id`, `id_card`, `prefix`, `name`, `lay_name`, `pansa`, `birth_date`, `birth_province`, `ordination_date`, `education`, `dharma_education`, `contact_number`, `temple_id`, `position`, `photo`, `status`, `created_at`, `updated_at`, `resignation_date`) VALUES
(76, '1234567890', 'ພຣະ', 'ປອ ອານັນທະສັກ', 'ພັດທະສີລາ', 18, '1987-04-08', 'ຈໍາປາສັກ', '2008-10-07', 'ປະລິນເອກ', 'ນັກທັມເອກ', '020 91213388', 36, 'ເຈົ້າອາວາດ', 'uploads/monks/default.png', 'active', '2025-06-28 19:29:33', '2025-06-28 19:29:33', NULL),
(77, '1234567891', 'ພຣະ', 'ອ່າງຄຳ', 'ນວນຈັນ', 11, '1992-01-05', 'ຈໍາປາສັກ', '2005-05-05', 'ປະລິນໂທ', 'ນັກທັມຕີ', '020 91213381', 36, 'ຮອງເຈົ້າອາວາດ', 'uploads/monks/default.png', 'inactive', '2025-06-28 19:29:33', '2025-06-28 19:29:33', '2025-06-29'),
(78, '1234567892', 'ພຣະ', 'ສຸດໃຈ', 'ສີວິໄລ', 20, '1955-11-03', 'ຈໍາປາສັກ', '2005-06-05', 'ປະລິນຍາຕີ', 'ນັກທັມຕີ', '020 91213382', 36, 'ພຣະລູກວັດ', 'uploads/monks/default.png', 'active', '2025-06-28 19:29:33', '2025-06-28 19:29:33', NULL),
(79, '1234567893', 'ພຣະ', 'ເພີບ', 'ວຽງສະຫວັນ', 6, '1997-09-08', 'ໄຊຍະບູລີ', '2005-07-05', 'ປະລິນໂທ', 'ນັກທັມຕີ', '020 91213383', 36, 'ພຣະລູກວັດ', 'uploads/monks/default.png', 'active', '2025-06-28 19:29:33', '2025-06-28 19:29:33', NULL),
(80, '1234567894', 'ພຣະ', 'ທ່ອນຈັນ', 'ໄຊຍະພູມ', 5, '1998-05-03', 'ຈໍາປາສັກ', '2005-08-05', 'ປະລິນຍາຕີ', 'ນັກທັມຕີ', '020 91213384', 36, 'ພຣະລູກວັດ', 'uploads/monks/default.png', 'active', '2025-06-28 19:29:33', '2025-06-28 19:29:33', NULL),
(81, '1234567895', 'ພຣະ', 'ບຸນຄົງ', 'ສໍ້າສາຍນໍ້າສານ', 5, '2000-02-01', 'ໄຊຍະບູລີ', '2005-09-05', 'ປະລິນຍາຕີ', 'ນັກທັມຕີ', '020 91213385', 36, 'ພຣະລູກວັດ', 'uploads/monks/default.png', 'active', '2025-06-28 19:29:33', '2025-06-28 19:29:33', NULL),
(82, '1234567896', 'ພຣະ', 'ດີ', 'ສີປະເສີດ', 6, '1995-10-05', 'ຜົ້ງສາລີ', '2005-10-05', 'ປະລິນຍາຕີ', 'ນັກທັມຕີ', '020 91213386', 36, 'ພຣະລູກວັດ', 'uploads/monks/default.png', 'active', '2025-06-28 19:29:33', '2025-06-28 19:29:33', NULL),
(83, '1234567897', 'ພຣະ', 'ສຸລິສາ', 'ວິໄລພັນ', 4, '2003-05-03', 'ສາລະວັນ', '2005-11-05', 'ປະລິນຍາຕີ', 'ນັກທັມຕີ', '020 91213387', 36, 'ພຣະລູກວັດ', 'uploads/monks/default.png', 'active', '2025-06-28 19:29:33', '2025-06-28 19:29:33', NULL),
(84, '1234567898', 'ພຣະ', 'ແສງມະນີ', 'ຫຼວງສະໝອນ', 9, '1995-08-07', 'ສາລະວັນ', '2005-12-05', 'ປະລິນຍາຕີ', 'ນັກທັມຕີ', '020 91213389', 36, 'ພຣະລູກວັດ', 'uploads/monks/default.png', 'inactive', '2025-06-28 19:29:33', '2025-06-28 19:29:33', '2025-06-29'),
(85, '1234567899', 'ພຣະ', 'ຍົດ', 'ຄໍາບຸນເຮືອງ', 3, '2004-03-09', 'ຈໍາປາສັກ', '2006-01-05', 'ປະລິນຍາຕີ', 'ນັກທັມຕີ', '020 91213370', 36, 'ພຣະລູກວັດ', 'uploads/monks/default.png', 'active', '2025-06-28 19:29:33', '2025-06-28 19:29:33', NULL),
(86, '1234567900', 'ພຣະ', 'ຄໍາເພັດ', 'ນວນຈັນ', 1, '2002-06-03', 'ຈໍາປາສັກ', '2006-02-05', 'ປະລິນຍາຕີ', 'ນັກທັມຕີ', '020 91213371', 36, 'ພຣະລູກວັດ', 'uploads/monks/default.png', 'active', '2025-06-28 19:29:33', '2025-06-28 19:29:33', NULL),
(87, '1234567890', 'ພຣະ', 'ທອງລຸນ', 'ສຸດທະວິໄລ', 1, '2003-05-04', 'ຈຳປາສັກ', '2006-03-05', 'ປະລິນຍາຕີ', 'ນັກທັມຕີ', '020 91213372', 36, 'ພຣະລູກວັດ', 'uploads/monks/default.png', 'active', '2025-06-28 19:29:33', '2025-06-28 19:29:33', NULL),
(88, '1234567891', 'ພຣະ', 'ຄໍາຝົນ', 'ກຸວິໄລວົງ', 1, '2002-08-07', 'ຈໍາປາສັກ', '2006-04-05', 'ປະລິນຍາຕີ', 'ນັກທັມຕີ', '020 91213373', 36, 'ພຣະລູກວັດ', 'uploads/monks/default.png', 'active', '2025-06-28 19:29:33', '2025-06-28 19:29:33', NULL),
(89, '1234567892', 'ພຣະ', 'ກຸຄໍາ', 'ກິ່ງສະດາ', 4, '1999-06-07', 'ຈໍາປາສັກ', '2006-05-05', 'ປະລິນຍາຕີ', 'ນັກທັມຕີ', '020 91213374', 36, 'ພຣະລູກວັດ', 'uploads/monks/default.png', 'active', '2025-06-28 19:29:33', '2025-06-28 19:29:33', NULL),
(90, '1234567893', 'ພຣະ', 'ທອງສັນ', 'ວາລິນທອງ', 1, '2002-11-11', 'ຈໍາປາສັກ', '2006-06-05', 'ປະລິນຍາຕີ', 'ນັກທັມຕີ', '020 91213375', 36, 'ພຣະລູກວັດ', 'uploads/monks/default.png', 'active', '2025-06-28 19:29:33', '2025-06-28 19:29:33', NULL),
(91, '1234567894', 'ພຣະ', 'ອຸ່ນຄໍາ', 'ສີສົມໝາຍ', 1, '2002-04-09', 'ຜົ້ງສາລີ', '2006-07-05', 'ປະລິນຍາຕີ', 'ນັກທັມຕີ', '020 91213376', 36, 'ພຣະລູກວັດ', 'uploads/monks/default.png', 'active', '2025-06-28 19:29:33', '2025-06-28 19:29:33', NULL),
(92, '1234567895', 'ພຣະ', 'ປະເສີດ', 'ສີສົມໝາຍ', 1, '2004-06-03', 'ຜົ້ງສາລີ', '2006-08-05', 'ປະລິນຍາຕີ', 'ນັກທັມຕີ', '020 91213377', 36, 'ພຣະລູກວັດ', 'uploads/monks/default.png', 'inactive', '2025-06-28 19:29:33', '2025-06-28 19:29:33', '2025-06-29'),
(93, '1234567890', 'ພຣະ', 'ດວງ', 'ໄຊຍະສິງ', 2, '2001-01-01', 'ຈໍາປາສັກ', '2006-09-05', 'ປະລິນຍາຕີ', 'ນັກທັມຕີ', '020 91213378', 36, 'ພຣະລູກວັດ', 'uploads/monks/default.png', 'active', '2025-06-28 19:29:33', '2025-06-28 19:29:33', NULL),
(94, '1234567891', 'ພຣະ', 'ຄໍາປະເສີດ', 'ອ່ອນພະຈັນ', 2, '2004-01-07', 'ຜົ້ງສາລີ', '2006-10-05', 'ປະລິນຍາຕີ', 'ນັກທັມຕີ', '020 91213379', 36, 'ພຣະລູກວັດ', 'uploads/monks/default.png', 'active', '2025-06-28 19:29:33', '2025-06-28 19:29:33', NULL),
(95, '1234567892', 'ພຣະ', 'ເຍືອງ', 'ອຸປດຊາ', 8, '2003-01-08', 'ຈຳປາສັກ', '2006-11-05', 'ປະລິນຍາຕີ', 'ນັກທັມຕີ', '020 91213360', 36, 'ພຣະລູກວັດ', 'uploads/monks/default.png', 'active', '2025-06-28 19:29:33', '2025-06-28 19:29:33', NULL),
(96, '1234567800', 'ຄຸນແມ່ຂາວ', 'ວົງ', 'ນະຄອນ', 4, '2013-11-02', 'ຄໍາມ່ວນ', '2020-10-02', NULL, NULL, NULL, 75, 'ເຈົ້າອະທິການ', 'uploads/monks/default.png', 'active', '2025-06-28 19:30:40', '2025-06-28 19:30:40', NULL),
(97, '1234567890', 'ພຣະ', 'ປອ ອານັນທະສັກ', 'ພັດທະສີລາ', 18, '1987-04-08', 'ຈໍາປາສັກ', '2008-10-07', 'ປະລິນເອກ', 'ນັກທັມເອກ', '020 91213388', 82, 'ເຈົ້າອາວາດ', 'uploads/monks/default.png', 'inactive', '2025-06-28 19:41:23', '2025-06-29 21:57:25', '2025-06-29'),
(99, '1234567892', 'ພຣະ', 'ສຸດໃຈ', 'ສີວິໄລ', 20, '1955-11-03', 'ຈໍາປາສັກ', '2005-06-05', 'ປະລິນຍາຕີ', 'ນັກທັມຕີ', '020 91213382', 82, 'ພຣະລູກວັດ', 'uploads/monks/default.png', 'inactive', '2025-06-28 19:41:23', '2025-06-29 21:57:31', '2025-06-29'),
(100, '1234567893', 'ພຣະ', 'ເພີບ', 'ວຽງສະຫວັນ', 6, '1997-09-08', 'ໄຊຍະບູລີ', '2005-07-05', 'ປະລິນໂທ', 'ນັກທັມຕີ', '020 91213383', 82, 'ພຣະລູກວັດ', 'uploads/monks/default.png', 'inactive', '2025-06-28 19:41:23', '2025-06-29 22:08:05', '2025-06-29'),
(101, '1234567894', 'ພຣະ', 'ທ່ອນຈັນ', 'ໄຊຍະພູມ', 5, '1998-05-03', 'ຈໍາປາສັກ', '2005-08-05', 'ປະລິນຍາຕີ', 'ນັກທັມຕີ', '020 91213384', 82, 'ພຣະລູກວັດ', 'uploads/monks/default.png', 'inactive', '2025-06-28 19:41:23', '2025-06-29 22:08:09', '2025-06-29'),
(102, '1234567895', 'ພຣະ', 'ບຸນຄົງ', 'ສໍ້າສາຍນໍ້າສານ', 5, '2000-02-01', 'ໄຊຍະບູລີ', '2005-09-05', 'ປະລິນຍາຕີ', 'ນັກທັມຕີ', '020 91213385', 82, 'ພຣະລູກວັດ', 'uploads/monks/default.png', 'inactive', '2025-06-28 19:41:23', '2025-06-29 22:09:32', '2025-06-29'),
(103, '1234567896', 'ພຣະ', 'ດີ', 'ສີປະເສີດ', 6, '1995-10-05', 'ຜົ້ງສາລີ', '2005-10-05', 'ປະລິນຍາຕີ', 'ນັກທັມຕີ', '020 91213386', 82, 'ພຣະລູກວັດ', 'uploads/monks/default.png', 'inactive', '2025-06-28 19:41:23', '2025-06-28 19:41:23', '2025-06-29'),
(104, '1234567897', 'ພຣະ', 'ສຸລິສາ', 'ວິໄລພັນ', 4, '2003-05-03', 'ສາລະວັນ', '2005-11-05', 'ປະລິນຍາຕີ', 'ນັກທັມຕີ', '020 91213387', 82, 'ພຣະລູກວັດ', 'uploads/monks/default.png', 'inactive', '2025-06-28 19:41:23', '2025-06-28 19:41:23', '2025-06-29'),
(105, '1234567898', 'ພຣະ', 'ແສງມະນີ', 'ຫຼວງສະໝອນ', 9, '1995-08-07', 'ສາລະວັນ', '2005-12-05', 'ປະລິນຍາຕີ', 'ນັກທັມຕີ', '020 91213389', 82, 'ພຣະລູກວັດ', 'uploads/monks/default.png', 'inactive', '2025-06-28 19:41:23', '2025-06-28 19:41:23', '2025-06-29'),
(106, '1234567899', 'ພຣະ', 'ຍົດ', 'ຄໍາບຸນເຮືອງ', 3, '2004-03-09', 'ຈໍາປາສັກ', '2006-01-05', 'ປະລິນຍາຕີ', 'ນັກທັມຕີ', '020 91213370', 82, 'ພຣະລູກວັດ', 'uploads/monks/default.png', 'active', '2025-06-28 19:41:23', '2025-06-28 19:41:23', NULL),
(107, '1234567900', 'ພຣະ', 'ຄໍາເພັດ', 'ນວນຈັນ', 1, '2002-06-03', 'ຈໍາປາສັກ', '2006-02-05', 'ປະລິນຍາຕີ', 'ນັກທັມຕີ', '020 91213371', 82, 'ພຣະລູກວັດ', 'uploads/monks/monk_1751114913_685fe4a19e149.png', 'active', '2025-06-28 19:41:23', '2025-06-28 19:48:33', NULL),
(109, '1234567891', 'ພຣະ', 'ຄໍາຝົນ', 'ກຸວິໄລວົງ', 1, '2002-08-07', 'ຈໍາປາສັກ', '2006-04-05', 'ປະລິນຍາຕີ', 'ນັກທັມຕີ', '020 91213373', 82, 'ພຣະລູກວັດ', 'uploads/monks/default.png', 'active', '2025-06-28 19:41:23', '2025-06-28 19:41:23', NULL),
(110, '1234567892', 'ພຣະ', 'ກຸຄໍາ', 'ກິ່ງສະດາ', 4, '1999-06-07', 'ຈໍາປາສັກ', '2006-05-05', 'ປະລິນຍາຕີ', 'ນັກທັມຕີ', '020 91213374', 82, 'ພຣະລູກວັດ', 'uploads/monks/default.png', 'active', '2025-06-28 19:41:23', '2025-06-28 19:41:23', NULL),
(111, '1234567893', 'ພຣະ', 'ທອງສັນ', 'ວາລິນທອງ', 1, '2002-11-11', 'ຈໍາປາສັກ', '2006-06-05', 'ປະລິນຍາຕີ', 'ນັກທັມຕີ', '020 91213375', 82, 'ພຣະລູກວັດ', 'uploads/monks/default.png', 'active', '2025-06-28 19:41:23', '2025-06-28 19:41:23', NULL),
(112, '1234567894', 'ພຣະ', 'ອຸ່ນຄໍາ', 'ສີສົມໝາຍ', 1, '2002-04-09', 'ຜົ້ງສາລີ', '2006-07-05', 'ປະລິນຍາຕີ', 'ນັກທັມຕີ', '020 91213376', 82, 'ພຣະລູກວັດ', 'uploads/monks/default.png', 'inactive', '2025-06-28 19:41:23', '2025-06-28 19:41:23', '2025-06-29'),
(113, '1234567895', 'ພຣະ', 'ປະເສີດ', 'ສີສົມໝາຍ', 1, '2004-06-03', 'ຜົ້ງສາລີ', '2006-08-05', 'ປະລິນຍາຕີ', 'ນັກທັມຕີ', '020 91213377', 82, 'ພຣະລູກວັດ', 'uploads/monks/default.png', 'active', '2025-06-28 19:41:23', '2025-06-28 19:41:23', NULL),
(114, '1234567890', 'ພຣະ', 'ດວງ', 'ໄຊຍະສິງ', 2, '2001-01-01', 'ຈໍາປາສັກ', '2006-09-05', 'ປະລິນຍາຕີ', 'ນັກທັມຕີ', '020 91213378', 82, 'ພຣະລູກວັດ', 'uploads/monks/default.png', 'active', '2025-06-28 19:41:23', '2025-06-28 19:41:23', NULL),
(115, '1234567891', 'ພຣະ', 'ຄໍາປະເສີດ', 'ອ່ອນພະຈັນ', 2, '2004-01-07', 'ຜົ້ງສາລີ', '2006-10-05', 'ປະລິນຍາຕີ', 'ນັກທັມຕີ', '020 91213379', 82, 'ພຣະລູກວັດ', 'uploads/monks/default.png', 'active', '2025-06-28 19:41:23', '2025-06-28 19:41:23', NULL),
(116, '1234567892', 'ພຣະ', 'ເຍືອງ', 'ອຸປດຊາ', 8, '2003-01-08', 'ຈຳປາສັກ', '2006-11-05', 'ປະລິນຍາຕີ', 'ນັກທັມຕີ', '020 91213360', 82, 'ພຣະລູກວັດ', 'uploads/monks/default.png', 'active', '2025-06-28 19:41:23', '2025-06-28 19:41:23', NULL),
(117, NULL, 'ພຣະ', 'ສອນ', 'ວອນ', 0, '1986-12-01', 'ຜົ້ງສາລີ', '2025-01-01', NULL, NULL, NULL, 34, 'ພຣະລູກວັດ', 'uploads/monks/default.png', 'active', '2025-06-29 22:13:49', '2025-06-29 22:13:49', NULL),
(118, '1234567890', 'ພຣະ', 'ປອ ອານັນທະສັກ', 'ພັດທະສີລາ', 18, '1987-04-08', 'ຈໍາປາສັກ', '2008-10-07', 'ປະລິນເອກ', 'ນັກທັມເອກ', '020 91213388', 82, 'ເຈົ້າອາວາດ', 'uploads/monks/default.png', 'active', '2025-06-30 09:29:42', '2025-06-30 09:29:42', NULL),
(119, '1234567891', 'ພຣະ', 'ອ່າງຄຳ', 'ນວນຈັນ', 11, '1992-01-05', 'ຈໍາປາສັກ', '2005-05-05', 'ປະລິນໂທ', 'ນັກທັມຕີ', '020 91213381', 82, 'ຮອງເຈົ້າອາວາດ', 'uploads/monks/default.png', 'active', '2025-06-30 09:29:42', '2025-06-30 09:29:42', NULL),
(120, '1234567892', 'ພຣະ', 'ສຸດໃຈ', 'ສີວິໄລ', 20, '1955-11-03', 'ຈໍາປາສັກ', '2005-06-05', 'ປະລິນຍາຕີ', 'ນັກທັມຕີ', '020 91213382', 82, 'ພຣະລູກວັດ', 'uploads/monks/default.png', 'active', '2025-06-30 09:29:42', '2025-06-30 09:29:42', NULL),
(121, '1234567893', 'ພຣະ', 'ເພີບ', 'ວຽງສະຫວັນ', 6, '1997-09-08', 'ໄຊຍະບູລີ', '2005-07-05', 'ປະລິນໂທ', 'ນັກທັມຕີ', '020 91213383', 82, 'ພຣະລູກວັດ', 'uploads/monks/default.png', 'active', '2025-06-30 09:29:42', '2025-06-30 09:29:42', NULL),
(122, '1234567894', 'ພຣະ', 'ທ່ອນຈັນ', 'ໄຊຍະພູມ', 5, '1998-05-03', 'ຈໍາປາສັກ', '2005-08-05', 'ປະລິນຍາຕີ', 'ນັກທັມຕີ', '020 91213384', 82, 'ພຣະລູກວັດ', 'uploads/monks/default.png', 'active', '2025-06-30 09:29:42', '2025-06-30 09:29:42', NULL),
(123, '1234567895', 'ພຣະ', 'ບຸນຄົງ', 'ສໍ້າສາຍນໍ້າສານ', 5, '2000-02-01', 'ໄຊຍະບູລີ', '2005-09-05', 'ປະລິນຍາຕີ', 'ນັກທັມຕີ', '020 91213385', 82, 'ພຣະລູກວັດ', 'uploads/monks/default.png', 'active', '2025-06-30 09:29:42', '2025-06-30 09:29:42', NULL),
(124, '1234567896', 'ພຣະ', 'ດີ', 'ສີປະເສີດ', 6, '1995-10-05', 'ຜົ້ງສາລີ', '2005-10-05', 'ປະລິນຍາຕີ', 'ນັກທັມຕີ', '020 91213386', 82, 'ພຣະລູກວັດ', 'uploads/monks/default.png', 'active', '2025-06-30 09:29:42', '2025-06-30 09:29:42', NULL),
(125, '1234567897', 'ພຣະ', 'ສຸລິສາ', 'ວິໄລພັນ', 4, '2003-05-03', 'ສາລະວັນ', '2005-11-05', 'ປະລິນຍາຕີ', 'ນັກທັມຕີ', '020 91213387', 82, 'ພຣະລູກວັດ', 'uploads/monks/default.png', 'active', '2025-06-30 09:29:42', '2025-06-30 09:29:42', NULL),
(126, '1234567898', 'ພຣະ', 'ແສງມະນີ', 'ຫຼວງສະໝອນ', 9, '1995-08-07', 'ສາລະວັນ', '2005-12-05', 'ປະລິນຍາຕີ', 'ນັກທັມຕີ', '020 91213389', 82, 'ພຣະລູກວັດ', 'uploads/monks/default.png', 'active', '2025-06-30 09:29:42', '2025-06-30 09:29:42', NULL),
(127, '1234567899', 'ພຣະ', 'ຍົດ', 'ຄໍາບຸນເຮືອງ', 3, '2004-03-09', 'ຈໍາປາສັກ', '2006-01-05', 'ປະລິນຍາຕີ', 'ນັກທັມຕີ', '020 91213370', 189, 'ພຣະລູກວັດ', 'uploads/monks/default.png', 'active', '2025-06-30 09:29:42', '2025-06-30 09:29:42', NULL),
(128, '1234567900', 'ພຣະ', 'ຄໍາເພັດ', 'ນວນຈັນ', 1, '2002-06-03', 'ຈໍາປາສັກ', '2006-02-05', 'ປະລິນຍາຕີ', 'ນັກທັມຕີ', '020 91213371', 189, 'ພຣະລູກວັດ', 'uploads/monks/default.png', 'active', '2025-06-30 09:29:42', '2025-06-30 09:29:42', NULL),
(129, '1234567890', 'ພຣະ', 'ທອງລຸນ', 'ສຸດທະວິໄລ', 1, '2003-05-04', 'ຈຳປາສັກ', '2006-03-05', 'ປະລິນຍາຕີ', 'ນັກທັມຕີ', '020 91213372', 189, 'ພຣະລູກວັດ', 'uploads/monks/default.png', 'active', '2025-06-30 09:29:42', '2025-06-30 09:29:42', NULL),
(130, '1234567891', 'ພຣະ', 'ຄໍາຝົນ', 'ກຸວິໄລວົງ', 1, '2002-08-07', 'ຈໍາປາສັກ', '2006-04-05', 'ປະລິນຍາຕີ', 'ນັກທັມຕີ', '020 91213373', 189, 'ພຣະລູກວັດ', 'uploads/monks/default.png', 'inactive', '2025-06-30 09:29:42', '2025-06-30 09:29:42', '2025-06-30'),
(131, '1234567892', 'ພຣະ', 'ກຸຄໍາ', 'ກິ່ງສະດາ', 4, '1999-06-07', 'ຈໍາປາສັກ', '2006-05-05', 'ປະລິນຍາຕີ', 'ນັກທັມຕີ', '020 91213374', 189, 'ພຣະລູກວັດ', 'uploads/monks/default.png', 'active', '2025-06-30 09:29:42', '2025-06-30 09:29:42', NULL),
(132, '1234567893', 'ພຣະ', 'ທອງສັນ', 'ວາລິນທອງ', 1, '2002-11-11', 'ຈໍາປາສັກ', '2006-06-05', 'ປະລິນຍາຕີ', 'ນັກທັມຕີ', '020 91213375', 189, 'ພຣະລູກວັດ', 'uploads/monks/default.png', 'inactive', '2025-06-30 09:29:42', '2025-06-30 09:29:42', '2025-06-30'),
(133, '1234567894', 'ພຣະ', 'ອຸ່ນຄໍາ', 'ສີສົມໝາຍ', 1, '2002-04-09', 'ຜົ້ງສາລີ', '2006-07-05', 'ປະລິນຍາຕີ', 'ນັກທັມຕີ', '020 91213376', 189, 'ພຣະລູກວັດ', 'uploads/monks/default.png', 'active', '2025-06-30 09:29:42', '2025-06-30 09:29:42', NULL),
(134, '1234567895', 'ພຣະ', 'ປະເສີດ', 'ສີສົມໝາຍ', 1, '2004-06-03', 'ຜົ້ງສາລີ', '2006-08-05', 'ປະລິນຍາຕີ', 'ນັກທັມຕີ', '020 91213377', 189, 'ພຣະລູກວັດ', 'uploads/monks/default.png', 'active', '2025-06-30 09:29:42', '2025-06-30 09:29:42', NULL),
(135, '1234567890', 'ພຣະ', 'ດວງ', 'ໄຊຍະສິງ', 2, '2001-01-01', 'ຈໍາປາສັກ', '2006-09-05', 'ປະລິນຍາຕີ', 'ນັກທັມຕີ', '020 91213378', 189, 'ພຣະລູກວັດ', 'uploads/monks/default.png', 'active', '2025-06-30 09:29:42', '2025-06-30 09:29:42', NULL),
(136, '1234567891', 'ພຣະ', 'ຄໍາປະເສີດ', 'ອ່ອນພະຈັນ', 2, '2004-01-07', 'ຜົ້ງສາລີ', '2006-10-05', 'ປະລິນຍາຕີ', 'ນັກທັມຕີ', '020 91213379', 189, 'ພຣະລູກວັດ', 'uploads/monks/default.png', 'inactive', '2025-06-30 09:29:42', '2025-06-30 09:29:42', '2025-06-30'),
(137, '1234567892', 'ພຣະ', 'ເຍືອງ', 'ອຸປດຊາ', 8, '2003-01-08', 'ຈຳປາສັກ', '2006-11-05', 'ປະລິນຍາຕີ', 'ນັກທັມຕີ', '020 91213360', 189, 'ພຣະລູກວັດ', 'uploads/monks/default.png', 'active', '2025-06-30 09:29:42', '2025-06-30 09:29:42', NULL);

-- --------------------------------------------------------

--
-- Table structure for table `provinces`
--

CREATE TABLE `provinces` (
  `province_id` int(11) NOT NULL,
  `province_name` varchar(100) NOT NULL,
  `province_code` varchar(10) NOT NULL,
  `created_at` timestamp NOT NULL DEFAULT current_timestamp(),
  `updated_at` timestamp NOT NULL DEFAULT current_timestamp() ON UPDATE current_timestamp()
) ENGINE=InnoDB DEFAULT CHARSET=utf8 COLLATE=utf8_general_ci;

--
-- Dumping data for table `provinces`
--

INSERT INTO `provinces` (`province_id`, `province_name`, `province_code`, `created_at`, `updated_at`) VALUES
(1, 'ນະຄອນຫຼວງວຽງຈັນ', 'VTE', '2025-06-19 14:16:31', '2025-06-19 14:16:31'),
(2, 'ຫຼວງພະບາງ', 'LPB', '2025-06-19 14:16:31', '2025-06-19 14:16:31'),
(3, 'ຈຳປາສັກ', 'CPS', '2025-06-19 14:16:31', '2025-06-19 14:16:31'),
(4, 'ສະຫວັນນະເຂດ', 'SVK', '2025-06-19 14:16:31', '2025-06-19 14:16:31'),
(5, 'ຫຼວງນໍ້າທາ', 'LNT', '2025-06-19 14:16:31', '2025-06-19 14:16:31'),
(6, 'ອຸດົມໄຊ', 'ODX', '2025-06-19 14:16:31', '2025-06-19 14:16:31'),
(7, 'ໄຊຍະບູລີ', 'XYB', '2025-06-19 14:16:31', '2025-06-19 14:16:31'),
(8, 'ຄໍາມ່ວນ', 'KMN', '2025-06-19 14:16:31', '2025-06-19 14:16:31'),
(9, 'ສາລະວັນ', 'SLV', '2025-06-19 14:16:31', '2025-06-19 14:16:31'),
(10, 'ຫົວພັນ', 'HPN', '2025-06-19 14:16:31', '2025-06-19 14:16:31'),
(11, 'ຊຽງຂວາງ', 'XKG', '2025-06-19 14:16:31', '2025-06-19 14:16:31'),
(12, 'ອັດຕະປື', 'ATP', '2025-06-19 14:16:31', '2025-06-19 14:16:31'),
(13, 'ເຊກອງ', 'XKN', '2025-06-19 14:16:31', '2025-06-19 14:16:31'),
(14, 'ບໍ່ແກ້ວ', 'BKO', '2025-06-19 14:16:31', '2025-06-19 14:16:31'),
(15, 'ວຽງຈັນ', 'VTP', '2025-06-19 14:16:31', '2025-06-19 14:16:31'),
(16, 'ບໍລິຄໍາໄຊ', 'BLX', '2025-06-19 14:16:31', '2025-06-19 14:16:31'),
(17, 'ຜົ້ງສາລີ', 'PSL', '2025-06-19 14:16:31', '2025-06-19 14:16:31'),
(18, 'ໄຊສົມບູນ', 'XSB', '2025-06-19 14:16:31', '2025-06-19 14:16:31');

-- --------------------------------------------------------

--
-- Table structure for table `settings`
--

CREATE TABLE `settings` (
  `id` int(11) NOT NULL,
  `setting_key` varchar(255) NOT NULL,
  `setting_value` text DEFAULT NULL,
  `setting_group` varchar(100) NOT NULL,
  `description` text DEFAULT NULL,
  `type` varchar(50) DEFAULT 'text',
  `options` text DEFAULT NULL,
  `updated_at` datetime DEFAULT current_timestamp() ON UPDATE current_timestamp()
) ENGINE=InnoDB DEFAULT CHARSET=utf8mb4 COLLATE=utf8mb4_general_ci;

--
-- Dumping data for table `settings`
--

INSERT INTO `settings` (`id`, `setting_key`, `setting_value`, `setting_group`, `description`, `type`, `options`, `updated_at`) VALUES
(1, 'site_name', 'ລະບົບຈັດການວັດ', 'general', 'ຊື່ເວັບໄຊທ໌', 'text', '', '2025-06-09 00:57:00'),
(2, 'site_description', 'ລະບົບຈັດການຂໍ້ມູນວັດ ແລະ ກິດຈະກໍາ ບັນທຶກຂໍ້ມູນພຣະສົງພາຍໃນວັດ ແລະ ສົ່ງອອກລາຍງານໄດ້', 'general', 'ຄໍາອະທິບາຍເວັບໄຊທ໌', 'textarea', '', '2025-06-21 20:09:19'),
(3, 'admin_email', 'phathasyla@gmail.com', 'general', 'ອີເມລຜູ້ດູແລລະບົບ', 'email', '', '2025-06-15 10:08:42'),
(4, 'contact_phone', '202 77772338', 'general', 'ເບີໂທຕິດຕໍ່', 'text', '', '2025-06-21 20:24:34'),
(5, 'footer_text', '© 2025 ລະບົບຈັດການວັດ. ສະຫງວນລິຂະສິດ ພັດທະນາໂດຍ ປອ.ອານັນທະສັກ ພັດທະສີລາ.', 'general', 'ຂໍ້ຄວາມສ່ວນລຸ່ມເວັບໄຊທ໌', 'textarea', '', '2025-06-20 21:34:30'),
(6, 'items_per_page', '10', 'system', 'ຈໍານວນລາຍການຕໍ່ຫນ້າ', 'number', '', '2025-06-09 00:57:00'),
(7, 'date_format', 'd/m/Y', 'system', 'ຮູບແບບວັນທີ', 'text', '', '2025-06-09 00:57:00'),
(8, 'time_format', 'H:i', 'system', 'ຮູບແບບເວລາ', 'text', '', '2025-06-09 00:57:00'),
(9, 'timezone', 'Asia/Bangkok', 'system', 'ເຂດເວລາ', 'text', '', '2025-06-09 00:57:00'),
(10, 'maintenance_mode', '1', 'system', 'ໂຫມດບໍາລຸງຮັກສາ', 'checkbox', '', '2025-06-09 00:57:42'),
(11, 'mail_driver', 'smtp', 'email', 'ຕົວຂັບເຄື່ອນອີເມລ', 'select', 'smtp,mail,sendmail', '2025-06-09 00:57:00'),
(12, 'mail_host', 'smtp.example.com', 'email', 'SMTP Host', 'text', '', '2025-06-09 00:57:00'),
(13, 'mail_port', '587', 'email', 'SMTP Port', 'number', '', '2025-06-09 00:57:00'),
(14, 'mail_username', '', 'email', 'SMTP Username', 'text', '', '2025-06-09 00:57:00'),
(15, 'mail_password', '', 'email', 'SMTP Password', 'password', '', '2025-06-09 00:57:00'),
(16, 'mail_encryption', 'tls', 'email', 'SMTP Encryption', 'select', 'tls,ssl,', '2025-06-09 00:57:00'),
(17, 'mail_from_address', 'phathayla@gmail.com', 'email', 'ອີເມລຜູ້ສົ່ງ', 'email', '', '2025-06-21 19:34:15'),
(18, 'mail_from_name', 'ລະບົບບໍລິຫານຈັດການວັດ ແລະ ພຣະສົງ', 'email', 'ຊື່ຜູ້ສົ່ງ', 'text', '', '2025-06-21 19:34:15'),
(19, 'password_min_length', '8', 'security', 'ຄວາມຍາວຂັ້ນຕ່ຳຂອງລະຫັດຜ່ານ', 'number', '', '2025-06-09 00:57:00'),
(20, 'password_require_special', '1', 'security', 'ຕ້ອງການຕົວອັກສອນພິເສດໃນລະຫັດຜ່ານ', 'checkbox', '', '2025-06-09 00:57:00'),
(21, 'password_require_number', '1', 'security', 'ຕ້ອງການຕົວເລກໃນລະຫັດຜ່ານ', 'checkbox', '', '2025-06-09 00:57:00'),
(22, 'password_require_uppercase', '1', 'security', 'ຕ້ອງການຕົວອັກສອນໃຫຍ່ໃນລະຫັດຜ່ານ', 'checkbox', '', '2025-06-09 00:57:00'),
(23, 'session_lifetime', '120', 'security', 'ເວລາໝົດອາຍຸຂອງເຊສຊັນ (ນາທີ)', 'number', '', '2025-06-09 00:57:00'),
(24, 'enable_2fa', '0', 'security', 'ເປີດໃຊ້ການຢືນຢັນສອງຂັ້ນຕອນ', 'checkbox', '', '2025-06-09 00:57:00'),
(25, 'allow_registration', '1', 'registration', 'ອະນຸຍາດໃຫ້ລົງທະບຽນຜູ່ໃຊ້ໃໝ່', 'checkbox', '', '2025-06-15 10:09:19'),
(26, 'default_user_role', 'user', 'registration', 'ບົດບາດເລີ່ມຕົ້ນຂອງຜູ່ໃຊ້ໃໝ່', 'select', 'user,admin', '2025-06-09 00:57:00'),
(27, 'require_email_verification', '1', 'registration', 'ຕ້ອງການການຢືນຢັນອີເມລ', 'checkbox', '', '2025-06-09 00:57:00'),
(28, 'max_login_attempts', '5', 'registration', 'ຈໍານວນສູງສຸດຂອງການພະຍາຍາມເຂົ້າສູ່ລະບົບ', 'number', '', '2025-06-09 00:57:00'),
(29, 'lockout_time', '30', 'registration', 'ເວລາລັອກ (ນາທີ)', 'number', '', '2025-06-09 00:57:00');

-- --------------------------------------------------------

--
-- Table structure for table `sms_logs`
--

CREATE TABLE `sms_logs` (
  `id` int(11) NOT NULL,
  `phone` varchar(20) NOT NULL,
  `message_id` varchar(64) DEFAULT NULL,
  `sent_at` datetime NOT NULL,
  `status` varchar(20) DEFAULT 'sent'
) ENGINE=InnoDB DEFAULT CHARSET=utf8mb4 COLLATE=utf8mb4_general_ci;

-- --------------------------------------------------------

--
-- Table structure for table `subscriptions`
--

CREATE TABLE `subscriptions` (
  `id` int(11) NOT NULL,
  `user_id` int(11) NOT NULL,
  `temple_id` int(11) DEFAULT NULL,
  `plan_id` int(11) DEFAULT NULL,
  `status` enum('active','expired','cancelled','pending') NOT NULL DEFAULT 'pending',
  `start_date` date NOT NULL,
  `end_date` date NOT NULL,
  `amount` decimal(10,2) NOT NULL DEFAULT 0.00,
  `payment_method` varchar(50) DEFAULT NULL,
  `payment_reference` varchar(100) DEFAULT NULL,
  `notes` text DEFAULT NULL,
  `created_at` datetime NOT NULL DEFAULT current_timestamp(),
  `updated_at` datetime DEFAULT NULL ON UPDATE current_timestamp()
) ENGINE=InnoDB DEFAULT CHARSET=utf8mb4 COLLATE=utf8mb4_general_ci;

--
-- Dumping data for table `subscriptions`
--

INSERT INTO `subscriptions` (`id`, `user_id`, `temple_id`, `plan_id`, `status`, `start_date`, `end_date`, `amount`, `payment_method`, `payment_reference`, `notes`, `created_at`, `updated_at`) VALUES
(6, 19, 82, 3, 'active', '2025-06-29', '2027-06-29', 120000.00, 'cash', '12345', '', '2025-06-29 20:39:49', '2025-06-29 20:46:28');

-- --------------------------------------------------------

--
-- Table structure for table `subscription_payments`
--

CREATE TABLE `subscription_payments` (
  `id` int(11) NOT NULL,
  `subscription_id` int(11) NOT NULL,
  `amount` decimal(10,2) NOT NULL,
  `payment_date` datetime NOT NULL,
  `payment_method` varchar(50) DEFAULT NULL,
  `payment_proof` varchar(255) DEFAULT NULL,
  `status` enum('pending','approved','rejected') NOT NULL DEFAULT 'pending',
  `notes` text DEFAULT NULL,
  `created_at` datetime NOT NULL DEFAULT current_timestamp(),
  `updated_at` datetime NOT NULL DEFAULT current_timestamp() ON UPDATE current_timestamp(),
  `processed_by` int(11) DEFAULT NULL,
  `processed_at` datetime DEFAULT NULL
) ENGINE=InnoDB DEFAULT CHARSET=utf8mb4 COLLATE=utf8mb4_general_ci;

-- --------------------------------------------------------

--
-- Table structure for table `subscription_plans`
--

CREATE TABLE `subscription_plans` (
  `id` int(11) NOT NULL,
  `name` varchar(100) NOT NULL,
  `description` text DEFAULT NULL,
  `price` decimal(10,2) NOT NULL DEFAULT 0.00,
  `duration_months` int(11) NOT NULL DEFAULT 1,
  `features` text DEFAULT NULL,
  `status` enum('active','inactive') NOT NULL DEFAULT 'active',
  `created_at` datetime NOT NULL DEFAULT current_timestamp(),
  `updated_at` timestamp NULL DEFAULT current_timestamp() ON UPDATE current_timestamp()
) ENGINE=InnoDB DEFAULT CHARSET=utf8mb4 COLLATE=utf8mb4_general_ci;

--
-- Dumping data for table `subscription_plans`
--

INSERT INTO `subscription_plans` (`id`, `name`, `description`, `price`, `duration_months`, `features`, `status`, `created_at`, `updated_at`) VALUES
(1, 'ໄລຍະເວລາ 3 ເດືອນ', '', 30000.00, 3, 'ຈັດການພຣະສົງ', 'active', '2025-06-09 01:20:00', '2025-06-23 15:18:01'),
(2, 'ແພກເກັດ 6 ເດືອນ', '', 60000.00, 6, 'ຈັດການພຣະສົງ\r\nສ້າງກິດຈະກຳ', 'active', '2025-06-09 01:46:55', '2025-06-23 15:18:14'),
(3, 'ແພກເກດ 12 ເດືອນ', '12 ເດືອນ', 120000.00, 12, 'ເພີ່ມພຣະສົງ\r\nນຳເຂົ້າຂໍ້ມູນຜ່ານ Excel\r\nການຈັດການຜູ້ໃຊ້ ໃນລະດັບແຂວງຂອງຕົນໄດ້', 'active', '2025-06-09 01:48:02', '2025-06-29 13:47:03');

-- --------------------------------------------------------

--
-- Table structure for table `temples`
--

CREATE TABLE `temples` (
  `id` int(11) NOT NULL,
  `name` varchar(255) NOT NULL,
  `address` text DEFAULT NULL,
  `phone` varchar(50) DEFAULT NULL,
  `email` varchar(255) DEFAULT NULL,
  `website` varchar(255) DEFAULT NULL,
  `founding_date` date DEFAULT NULL,
  `abbot_name` varchar(255) DEFAULT NULL,
  `description` text DEFAULT NULL,
  `photo` varchar(255) DEFAULT NULL,
  `logo` varchar(255) DEFAULT NULL,
  `latitude` decimal(10,8) DEFAULT NULL,
  `longitude` decimal(11,8) DEFAULT NULL,
  `status` enum('active','inactive') DEFAULT 'active',
  `created_at` timestamp NOT NULL DEFAULT current_timestamp(),
  `updated_at` timestamp NOT NULL DEFAULT current_timestamp() ON UPDATE current_timestamp(),
  `province_id` int(11) DEFAULT NULL,
  `district_id` int(11) DEFAULT NULL
) ENGINE=InnoDB DEFAULT CHARSET=utf8mb4 COLLATE=utf8mb4_general_ci;

--
-- Dumping data for table `temples`
--

INSERT INTO `temples` (`id`, `name`, `address`, `phone`, `email`, `website`, `founding_date`, `abbot_name`, `description`, `photo`, `logo`, `latitude`, `longitude`, `status`, `created_at`, `updated_at`, `province_id`, `district_id`) VALUES
(25, 'ວັດສີຖານເໜືອ', 'ບ້ານສີຖານເໜືອ', '', '', 'http://laotemples.com', NULL, '', '', 'uploads/temples/1750783055_1000018295.png', NULL, NULL, NULL, 'active', '2025-06-21 05:57:16', '2025-06-24 16:37:35', 1, 4),
(26, 'ວັດສີມຸງຄຸນຊຽງແວ່', 'ບ້ານສີຖານເໜືອ', '', '', 'http://laotemples.com', NULL, '', '', 'uploads/temples/1750782918_1000018295.png', NULL, NULL, NULL, 'active', '2025-06-21 05:57:38', '2025-06-24 16:35:18', 1, 4),
(27, 'ວັດຫົວເມືອງ ນະຄຣາຣາມ', 'ບ້ານສີຖານເໜືອ', '', '', 'http://laotemples.com', NULL, '', '', 'uploads/temples/1750783371_1000018295.png', NULL, NULL, NULL, 'active', '2025-06-21 05:58:00', '2025-06-24 16:42:51', 1, 4),
(28, 'ວັດຂຸນຕາ ວະຣາຣາມ', 'ບ້ານຂຸນຕາທ່າ', '', '', 'http://laotemples.com', NULL, '', '17.9682121447292, 102.59156622765902', 'uploads/temples/1750781132_.png', NULL, 17.96821214, 102.59156623, 'active', '2025-06-21 05:58:26', '2025-06-28 10:09:20', 1, 4),
(29, 'ວັດອູບມຸງຄາຣາມ', 'ບ້ານອູບມຸງ', '', '', 'http://laotemples.com', NULL, '', '', 'uploads/temples/1750783336_1000018295.png', NULL, NULL, NULL, 'active', '2025-06-21 05:59:48', '2025-06-24 16:42:16', 1, 4),
(30, 'ວັດໄຕນ້ອຍ ຣັດຕະນະມຸງຄຸນ', 'ບ້ານໜອງປາໃນ', '', '', 'http://laotemples.com', NULL, '', '', 'uploads/temples/1750783557_1000018295.png', NULL, NULL, NULL, 'active', '2025-06-21 06:00:11', '2025-06-24 16:45:57', 1, 4),
(31, 'ວັດໄຕໃຫຍ່ຂັນທະຣາມ', 'ບ້ານໄຕໃຫຍ່ທ່າ', '', '', 'http://laotemples.com', NULL, '', '', 'uploads/temples/1750783595_1000018295.png', NULL, NULL, NULL, 'active', '2025-06-21 06:00:33', '2025-06-24 16:46:35', 1, 4),
(32, 'ວັດສິຣິວັດທະນາຣາມ', 'ບ້ານໜອງດ້ວງໃຕ້', '', '', 'http://laotemples.com', NULL, '', '', 'uploads/temples/1750782393_1000018295.png', NULL, NULL, NULL, 'active', '2025-06-21 06:01:00', '2025-06-24 16:26:33', 1, 4),
(33, 'ວັດໂຊກໄຊ ມຸງຄຸນໄຊຍະຣາມ', 'ບ້ານດົງນາໂຊກເໜືອ', '', '', 'http://laotemples.com', NULL, '', '', 'uploads/temples/1750783168_1000018295.png', NULL, NULL, NULL, 'active', '2025-06-21 06:01:22', '2025-06-24 16:39:28', 1, 4),
(34, 'ວັດຈອມໄຕຣ ໄຊມຸງຄຸນຍາຣາມ', 'ບ້ານດົງນາໂຊກໃຕ້', '', '', 'http://laotemples.com', NULL, '', '17.989595481972685, 102.58684886045776', 'uploads/temples/1750781221_.png', NULL, 17.98959548, 102.58684886, 'active', '2025-06-21 06:01:43', '2025-06-24 16:07:01', 1, 4),
(35, 'ວັດຕົ້ນຕະກູນສີຊົມຊື່ນ ນາຄາຣາມ', 'ບ້ານໜອງບົວທອງເໜືອ', '', '', 'http://laotemples.com', NULL, '', '', 'uploads/temples/1750781406_.png', NULL, NULL, NULL, 'active', '2025-06-21 06:02:37', '2025-06-24 16:10:06', 1, 4),
(36, 'ວັດມະຫາຣຸກຂະ ວະຣາຣາມ (ປ່າໜອງບົວທອງໃຕ້)', 'ບ້ານໜອງບົວທອງໃຕ້', '02077772338', 'phathasyla@gmail.com', 'http://laotemples.com', NULL, 'ພຣະອາຈານ ປອ. ອານັນທະສັກ ພັດທະສີລາ', '17.988016134912534, 102.60226608977979', 'uploads/temples/1750514050_.png', NULL, 17.98801613, 102.60226609, 'active', '2025-06-21 06:03:09', '2025-06-24 03:35:56', 1, 4),
(37, 'ວັດວຽງແກ້ວ ສຸດຊາດາຣາມ', 'ບ້ານໂພນຄໍາ', '', '', 'http://laotemples.com', NULL, '', '', 'uploads/temples/1750782465_1000018295.png', NULL, NULL, NULL, 'active', '2025-06-21 06:03:27', '2025-06-24 16:27:45', 1, 4),
(38, 'ວັດປາກທ້າງໃຕ້', 'ບ້ານປາກທ້າງ', '', '', 'http://laotemples.com', NULL, '', '', 'uploads/temples/1750782081_1000018295.png', NULL, NULL, NULL, 'active', '2025-06-21 06:03:55', '2025-06-24 16:21:21', 1, 4),
(39, 'ວັດປາກທ້າງເໜືອ', 'ບ້ານປາກທ້າງ', '', '', 'http://laotemples.com', NULL, '', '', 'uploads/temples/1750782116_1000018295.png', NULL, NULL, NULL, 'active', '2025-06-21 06:04:17', '2025-06-24 16:21:56', 1, 4),
(40, 'ວັດເມືອງວາ ໂພທິຍາຣາມ', 'ບ້ານສີໄຄ', '', '', 'http://laotemples.com', NULL, '', '', 'uploads/temples/1750783208_1000018295.png', NULL, NULL, NULL, 'active', '2025-06-21 06:04:36', '2025-06-24 16:40:08', 1, 4),
(41, 'ວັດສີໄຄ ໄຊຍະຣາມ', 'ບ້ານສີໄຄ', '', '', 'http://laotemples.com', NULL, '', '', 'uploads/temples/1750782902_1000018295.png', NULL, NULL, NULL, 'active', '2025-06-21 06:04:54', '2025-06-24 16:35:02', 1, 4),
(42, 'ວັດຍາພະ ໂພທິຍາຣາມ', 'ບ້ານຍາພະ', '', '', 'http://laotemples.com', NULL, '', '', 'uploads/temples/1750781326_.png', NULL, NULL, NULL, 'active', '2025-06-21 06:05:13', '2025-06-24 16:08:46', 1, 4),
(43, 'ວັດສີບຸນເຮືອງຄົງຄາ ວະຣາຣາມ', 'ບ້ານສີບຸນເຮືອງ', '', '', 'http://laotemples.com', NULL, '', '', 'uploads/temples/1750782986_1000018295.png', NULL, NULL, NULL, 'active', '2025-06-21 06:05:34', '2025-06-24 16:36:26', 1, 4),
(44, 'ວັດແກ້ວປ່າ ໄຊຍາຣາມ', 'ບ້ານວຽງສະຫວັນ', '', '', 'http://laotemples.com', NULL, '', '', 'uploads/temples/1750783187_1000018295.png', NULL, NULL, NULL, 'active', '2025-06-21 06:05:51', '2025-06-24 16:39:47', 1, 4),
(45, 'ວັດສີປະທີບ ວະຣາຣາມ', 'ບ້ານນາແຮ່', '', '', 'https://laotemples.com', NULL, '', 'ວັດສີປະທີບ ວະຣາຣາມ (ບ້ານນາແຮ່)', 'uploads/temples/1750782940_1000018295.png', NULL, NULL, NULL, 'active', '2025-06-23 09:34:45', '2025-06-24 16:35:40', 1, 4),
(46, 'ວັດສົມສະຫງັດ ມີໄຊຍາຣາມ', 'ບ້ານສີຊົມຊື່ນ', '', '', 'https://laotemples.com', NULL, '', 'ວັດສົມສະຫງັດ ມີໄຊຍາຣາມ (ບ້ານສີຊົມຊື່ນ)', 'uploads/temples/1750782857_1000018295.png', NULL, NULL, NULL, 'active', '2025-06-23 09:35:08', '2025-06-24 16:34:17', 1, 4),
(47, 'ວັດໂພໄຊ ສຸວັນນະພູມມາຣາມ', 'ບ້ານເກົ້າລ້ຽວ', '', '', 'https://laotemples.com', NULL, '', 'ວັດໂພໄຊ ສຸວັນນະພູມມາຣາມ (ບ້ານເກົ້າລ້ຽວ)', 'uploads/temples/1750783450_1000018295.png', NULL, NULL, NULL, 'active', '2025-06-23 09:35:38', '2025-06-24 16:44:10', 1, 4),
(48, 'ວັດສິຣິຫົງຄຳ ໄຊຍະຣາມ', 'ບ້ານດ່ານຄໍາ', '', '', 'https://laotemples.com', NULL, '', 'ວັດສິຣິຫົງຄຳ ໄຊຍະຣາມ (ບ້ານດ່ານຄໍາ)', 'uploads/temples/1750783075_1000018295.png', NULL, NULL, NULL, 'active', '2025-06-23 09:36:00', '2025-06-24 16:37:55', 1, 4),
(49, 'ວັດຈູມມະນີ ແກ້ວໂພທິຣາມ', 'ບ້ານໂນນສະຫວ່າງ', '', '', 'https://laotemples.com', NULL, '', 'ວັດຈູມມະນີ ແກ້ວໂພທິຣາມ (ບ້ານໂນນສະຫວ່າງ)', 'uploads/temples/1750781268_.png', NULL, NULL, NULL, 'active', '2025-06-23 09:36:22', '2025-06-24 16:07:48', 1, 4),
(50, 'ວັດໂພນສະຫວັນນາຣາມ', 'ບ້ານໂນນແກ້ວ', '', '', 'https://laotemples.com', NULL, '', 'ວັດໂພນສະຫວັນນາຣາມ (ບ້ານໂນນແກ້ວ)', 'uploads/temples/1750783392_1000018295.png', NULL, NULL, NULL, 'active', '2025-06-23 09:36:45', '2025-06-24 16:43:12', 1, 4),
(51, 'ວັດໂພທາຣາມ', 'ບ້ານໂພນສົມບູນ', '', '', 'https://laotemples.com', NULL, '', 'ວັດໂພທາຣາມ (ບ້ານໂພນສົມບູນ)', 'uploads/temples/1750783120_1000018295.png', NULL, NULL, NULL, 'active', '2025-06-23 09:37:07', '2025-06-24 16:38:40', 1, 4),
(52, 'ວັດໂພສີໄຊຍະຣາມ', 'ບ້ານໂພນສະຫວາດເໜືອ', '', '', 'https://laotemples.com', NULL, '', 'ວັດໂພສີໄຊຍະຣາມ (ບ້ານໂພນສະຫວາດເໜືອ)', 'uploads/temples/1750783428_1000018295.png', NULL, NULL, NULL, 'active', '2025-06-23 09:37:25', '2025-06-24 16:43:48', 1, 4),
(53, 'ວັດມິ່ງແກ້ວມຸງຄຸນ ໄຊຍະຣາມ', 'ບ້ານໂນນຂີ້ເຫຼັກ', '', '', 'https://laotemples.com', NULL, '', 'ວັດມິ່ງແກ້ວມຸງຄຸນ ໄຊຍະຣາມ (ບ້ານໂນນຂີ້ເຫຼັກ)', 'uploads/temples/1750782588_1000018295.png', NULL, NULL, NULL, 'active', '2025-06-23 09:37:49', '2025-06-24 16:29:48', 1, 4),
(54, 'ວັດປ່າອານັນທະສີຈັນທາຣາມ', 'ບ້ານຕາດທອງ', '', '', 'https://laotemples.com', NULL, '', 'ວັດປ່າອານັນທະສີຈັນທາຣາມ (ບ້ານຕາດທອງ)', 'uploads/temples/1750782037_1000018295.png', NULL, NULL, NULL, 'active', '2025-06-23 09:38:09', '2025-06-24 16:20:37', 1, 4),
(55, 'ວັດໜອງແສງ ທັມມະຣາມ', 'ບ້ານຕາດທອງ', '', '', 'https://laotemples.com', NULL, '', 'ວັດໜອງແສງ ທັມມະຣາມ (ບ້ານຕາດທອງ)', 'uploads/temples/1750783620_1000018295.png', NULL, NULL, NULL, 'active', '2025-06-23 09:38:38', '2025-06-24 16:47:00', 1, 4),
(56, 'ວັດສຸວັນນະພູມມາ ໄຊຍະຣາມ', 'ບ້ານໜອງດາ', '', '', 'https://laotemples.com', NULL, '', 'ວັດສຸວັນນະພູມມາ ໄຊຍະຣາມ (ບ້ານໜອງດາ)', 'uploads/temples/1750782880_1000018295.png', NULL, NULL, NULL, 'active', '2025-06-23 09:38:59', '2025-06-24 16:34:40', 1, 4),
(57, 'ວັດໂພທິຍາຣາມ', 'ບ້ານໃໝ່', '', '', 'https://laotemples.com', NULL, '', 'ວັດໂພທິຍາຣາມ (ບ້ານໃໝ່)', 'uploads/temples/1750783103_1000018295.png', NULL, NULL, NULL, 'active', '2025-06-23 09:39:20', '2025-06-24 16:38:23', 1, 4),
(58, 'ວັດໂນນທອງ ໂພທິຍະຣາມ', 'ບ້ານໃໝ່', '', '', 'https://laotemples.com', NULL, '', 'ວັດໂນນທອງ ໂພທິຍະຣາມ (ບ້ານໃໝ່)', 'uploads/temples/1750783136_1000018295.png', NULL, NULL, NULL, 'active', '2025-06-23 09:39:38', '2025-06-24 16:38:56', 1, 4),
(59, 'ວັດຖ້ຳພຣະ ວະນາຣາມ', 'ບ້ານຫ້ວຍຫ້ອມ', '', '', 'https://laotemples.com', NULL, '', 'ວັດຖ້ຳພຣະ ວະນາຣາມ (ບ້ານຫ້ວຍຫ້ອມ)', 'uploads/temples/1751104998_.png', NULL, NULL, NULL, 'active', '2025-06-23 09:39:58', '2025-06-28 10:39:23', 1, 4),
(60, 'ວັດຖ້ຳຄອກມ້າ ອາຣະຍະນາຄາຣາມ', 'ບ້ານຫ້ວຍຫ້ອມ', '', '', 'https://laotemples.com', NULL, '', 'ວັດຖ້ຳຄອກມ້າ ອາຣະຍະນາຄາຣາມ (ບ້ານຫ້ວຍຫ້ອມ)', 'uploads/temples/1750781418_.png', NULL, NULL, NULL, 'active', '2025-06-23 09:40:18', '2025-06-24 16:10:18', 1, 4),
(61, 'ວັດເທບຊົງທັມ', 'ບ້ານຫ້ວຍຫ້ອມ', '', '', 'https://laotemples.com', NULL, '', 'ວັດເທບຊົງທັມ (ບ້ານຫ້ວຍຫ້ອມ)', 'uploads/temples/1750783235_1000018295.png', NULL, NULL, NULL, 'active', '2025-06-23 09:40:51', '2025-06-24 16:40:35', 1, 4),
(62, 'ວັດໂພນສະຫວ່າງ', 'ບ້ານອ່າງໃຫຍ່', '', '', 'https://laotemples.com', NULL, '', 'ວັດໂພນສະຫວ່າງ (ບ້ານອ່າງໃຫຍ່)', 'uploads/temples/1750783409_1000018295.png', NULL, NULL, NULL, 'active', '2025-06-23 09:41:20', '2025-06-24 16:43:29', 1, 4),
(63, 'ວັດຖ້ຳພຣະລືສີ ວະນາຣາມ', 'ບ້ານໃໝ່', '', '', 'https://laotemples.com', NULL, '', 'ວັດຖ້ຳພຣະລືສີ ວະນາຣາມ (ບ້ານໃໝ່)', 'uploads/temples/1750782153_1000018295.png', NULL, NULL, NULL, 'active', '2025-06-23 09:41:42', '2025-06-24 16:22:33', 1, 4),
(64, 'ວັດນາກ ດອນຊິງຊູ້', 'ບ້ານດອນຊິງຊູ້', '', '', 'https://laotemples.com', NULL, '', 'ວັດນາກ ດອນຊິງຊູ້ (ບ້ານດອນຊິງຊູ້)', 'uploads/temples/1750782135_1000018295.png', NULL, NULL, NULL, 'active', '2025-06-23 09:42:22', '2025-06-24 16:22:15', 1, 4),
(65, 'ວັດສັນຕິທັມ ວະຣາຣາມ', 'ບ້ານນາເລົ່າ', '', '', 'https://laotemples.com', NULL, '', 'ວັດສັນຕິທັມ ວະຣາຣາມ (ບ້ານນາເລົ່າ)', 'uploads/temples/1750782432_1000018295.png', NULL, NULL, NULL, 'active', '2025-06-23 09:42:49', '2025-06-24 16:27:12', 1, 4),
(66, 'ວັດພຸດທະບາດພອນສະຫວັນ', 'ບ້ານທົ່ງປົ່ງ', '', '', 'https://laotemples.com', NULL, '', 'ວັດພຸດທະບາດພອນສະຫວັນ (ບ້ານທົ່ງປົ່ງ)', 'uploads/temples/1750781988_1000018295.png', NULL, NULL, NULL, 'active', '2025-06-23 09:43:10', '2025-06-24 16:19:48', 1, 4),
(67, 'ວັດວຸດທິສາດາຣາມ', 'ບ້ານໜອງໜ້ຽວ', '', '', 'https://laotemples.com', NULL, '', 'ວັດວຸດທິສາດາຣາມ (ບ້ານໜອງໜ້ຽວ)', 'uploads/temples/1750782538_1000018295.png', NULL, NULL, NULL, 'active', '2025-06-23 09:43:31', '2025-06-24 16:28:58', 1, 4),
(68, 'ວັດອຸດົມຜົນ ວະຣາຣາມ', 'ບ້ານໜອງແຕ່ງ', '', '', 'https://laotemples.com', NULL, '', 'ວັດອຸດົມຜົນ ວະຣາຣາມ (ບ້ານໜອງແຕ່ງ)', 'uploads/temples/1750783352_1000018295.png', NULL, NULL, NULL, 'active', '2025-06-23 09:43:50', '2025-06-24 16:42:32', 1, 4),
(69, 'ວັດວຽງທອງ', 'ບ້ານດົງນາທອງ', '', '', 'https://laotemples.com', NULL, '', 'ວັດວຽງທອງ (ບ້ານດົງນາທອງ)', 'uploads/temples/1750782488_1000018295.png', NULL, NULL, NULL, 'active', '2025-06-23 09:44:12', '2025-06-24 16:28:08', 1, 4),
(70, 'ວັດໄຊຍາຣາມ ຫົວນາເມືອງທົ່ງ', 'ບ້ານໜອງບຶກກາງ', '', '', 'https://laotemples.com', NULL, '', 'ວັດໄຊຍາຣາມ ຫົວນາເມືອງທົ່ງ (ບ້ານໜອງບຶກກາງ)', 'uploads/temples/1750783531_1000018295.png', NULL, NULL, NULL, 'active', '2025-06-23 09:44:31', '2025-06-24 16:45:31', 1, 4),
(71, 'ວັດໄຊຍາພອນ ນະທາຣາມ', 'ບ້ານໜອງບຶກໃຕ້', '', '', 'https://laotemples.com', NULL, '', 'ວັດໄຊຍາພອນ ນະທາຣາມ (ບ້ານໜອງບຶກໃຕ້)', 'uploads/temples/1750783511_1000018295.png', NULL, NULL, NULL, 'active', '2025-06-23 09:44:52', '2025-06-24 16:45:11', 1, 4),
(72, 'ວັດພຸດທະສີດາຣາມ', 'ບ້ານຊໍາເກດ', '', '', 'https://laotemples.com', NULL, '', 'ວັດພຸດທະສີດາຣາມ (ບ້ານຊໍາເກດ)', 'uploads/temples/1750781944_1000018295.png', NULL, NULL, NULL, 'active', '2025-06-23 09:45:11', '2025-06-24 16:19:04', 1, 4),
(73, 'ວັດພຸດທາຣາມ', 'ບ້ານຫຼັກຫີນ', '', '', 'https://laotemples.com', NULL, '', 'ວັດພຸດທາຣາມ (ບ້ານຫຼັກຫີນ)', 'uploads/temples/1750782337_1000018295.png', NULL, NULL, NULL, 'active', '2025-06-23 09:45:32', '2025-06-24 16:25:37', 1, 4),
(74, 'ວັດສີທະນົນໄຊ ປັນຍາຣາມ', 'ບ້ານໜອງບຶກໃຕ້', '', '', 'https://laotemples.com', NULL, '', 'ວັດສີທະນົນໄຊ ປັນຍາຣາມ (ບ້ານໜອງບຶກໃຕ້)', 'uploads/temples/1750783022_1000018295.png', NULL, NULL, NULL, 'active', '2025-06-23 09:45:52', '2025-06-24 16:37:02', 1, 4),
(75, 'ວັດຖ້ຳນ້ຳຍ້ອຍ ກຸສົນວະຣາຣາມ', 'ບ້ານວຽງຄໍາ', '', '', 'https://laotemples.com', NULL, '', 'ວັດຖ້ຳນ້ຳຍ້ອຍ ກຸສົນວະຣາຣາມ (ບ້ານວຽງຄໍາ)', 'uploads/temples/1750781430_.png', NULL, NULL, NULL, 'active', '2025-06-23 09:46:12', '2025-06-24 16:10:30', 1, 4),
(76, 'ວັດສາມັກຄີ ທັມມະຣາມ', 'ບ້ານຈັນສະຫວ່າງ', '', '', 'https://laotemples.com', NULL, '', 'ວັດສາມັກຄີ ທັມມະຣາມ (ບ້ານຈັນສະຫວ່າງ)', 'uploads/temples/1750782409_1000018295.png', NULL, NULL, NULL, 'active', '2025-06-23 09:46:31', '2025-06-24 16:26:49', 1, 4),
(77, 'ວັດລາດຊະວົງ ໄຊຍາຣາມ', 'ບ້ານຈັນສະຫວ່າງ', '', '', 'https://laotemples.com', NULL, '', 'ວັດລາດຊະວົງ ໄຊຍາຣາມ (ບ້ານຈັນສະຫວ່າງ)', 'uploads/temples/1750782558_1000018295.png', NULL, NULL, NULL, 'active', '2025-06-23 09:46:50', '2025-06-24 16:29:18', 1, 4),
(78, 'ວັດຫງອກເຕີມ ຈິດມະນີ', 'ບ້ານຈັນສະຫວ່າງ', '', '', 'https://laotemples.com', NULL, '', 'ວັດຫງອກເຕີມ ຈິດມະນີ (ບ້ານຈັນສະຫວ່າງ)', 'uploads/temples/1750782840_1000018295.png', NULL, NULL, NULL, 'active', '2025-06-23 09:47:09', '2025-06-24 16:34:00', 1, 4),
(79, 'ວັດຈຳປາແດງ', 'ບ້ານຈໍາປາ', '', '', 'https://laotemples.com', NULL, '', 'ວັດຈຳປາແດງ (ບ້ານຈໍາປາ)', 'uploads/temples/1750781233_.png', NULL, NULL, NULL, 'active', '2025-06-23 09:47:30', '2025-06-24 16:07:13', 1, 4),
(80, 'ວັດດ່ານສິນໄຊ ພຸດທະສະຖານ', 'ບ້ານຈໍາປາ', '', '', 'https://laotemples.com', NULL, '', 'ວັດດ່ານສິນໄຊ ພຸດທະສະຖານ (ບ້ານຈໍາປາ)', 'uploads/temples/1750781359_.png', NULL, NULL, NULL, 'active', '2025-06-23 09:47:49', '2025-06-24 16:09:19', 1, 4),
(81, 'ວັດພິລາວົງ ບຸດກັດສະກາຣາມ', 'ບ້ານຈໍາປາ', '', '', 'https://laotemples.com', NULL, '', 'ວັດພິລາວົງ ບຸດກັດສະກາຣາມ (ບ້ານຈໍາປາ)', 'uploads/temples/1750782009_1000018295.png', NULL, NULL, NULL, 'active', '2025-06-23 09:48:13', '2025-06-24 16:20:09', 1, 4),
(82, 'ວັດປ່າຣັຕຕະນະຄິຣິວິຫານ', 'ບ້ານອ່າງໃຫຍ່', '', '', 'https://laotemples.com', NULL, '', 'ວັດປ່າຣັຕຕະນະຄິຣິວິຫານ (ບ້ານອ່າງໃຫຍ່)', 'uploads/temples/1750782057_1000018295.png', NULL, NULL, NULL, 'active', '2025-06-23 09:48:36', '2025-06-24 16:20:57', 1, 4),
(83, 'ວັດພຸດທະວະຣາຣາມ', 'ບ້ານດົງນາໂຊກໃຕ້', '', '', 'https://laotemples.com', NULL, '', 'ວັດພຸດທະວະຣາຣາມ (ບ້ານດົງນາໂຊກໃຕ້)', 'uploads/temples/1750781964_1000018295.png', NULL, NULL, NULL, 'active', '2025-06-23 09:48:55', '2025-06-24 16:19:24', 1, 4),
(84, 'ວັດລາດສະຖານຫຼວງພຣະເຈົ້າຕິບ', 'ວັດລາດສະຖານຫຼວງພຣະເຈົ້າຕິບ', '', '', 'https://laotemples.com', NULL, '', 'ວັດລາດສະຖານຫຼວງພຣະເຈົ້າຕິບ', 'uploads/temples/1751026620_ລົງທະບຽນຮຽນ.png', NULL, NULL, NULL, 'active', '2025-06-27 12:17:00', '2025-06-27 12:17:00', 14, 47),
(85, 'ວັດສຼີດອຍເລືອງ', 'ສຼີດອຍເລືອງ', '', '', 'https://laotemples.com', NULL, '', 'ສຼີດອຍເລືອງ', 'uploads/temples/1751026674_ລົງທະບຽນຮຽນ.png', NULL, NULL, NULL, 'active', '2025-06-27 12:17:54', '2025-06-27 12:17:54', 14, 47),
(86, 'ວັດຜາຂາວ', 'ຜາຂາວ', '', '', 'https://laotemples.com', NULL, '', 'ຜາຂາວ', 'uploads/temples/1751026700_ລົງທະບຽນຮຽນ.png', NULL, NULL, NULL, 'active', '2025-06-27 12:18:20', '2025-06-27 12:18:20', 14, 47),
(87, 'ວັດສຼີດອນໄຊ', 'ສຼີດອນໄຊ', '', '', 'https://laotemples.com', NULL, '', 'ສຼີດອນໄຊ', 'uploads/temples/1751026731_ລົງທະບຽນຮຽນ.png', NULL, NULL, NULL, 'active', '2025-06-27 12:18:51', '2025-06-27 12:18:51', 14, 47),
(88, 'ວັດຊຽງຄຳ', 'ຊຽງຄຳ', '', '', 'https://laotemples.com', NULL, '', 'ຊຽງຄຳ', 'uploads/temples/1751026756_ລົງທະບຽນຮຽນ.png', NULL, NULL, NULL, 'active', '2025-06-27 12:19:16', '2025-06-27 12:19:16', 14, 47),
(89, 'ວັດສຼີດອນແກ້ວ', 'ສຼີດອນແກ້ວ', '', '', 'https://laotemples.com', NULL, '', 'ສຼີດອນແກ້ວ', 'uploads/temples/1751026785_ລົງທະບຽນຮຽນ.png', NULL, NULL, NULL, 'active', '2025-06-27 12:19:45', '2025-06-27 12:19:45', 14, 47),
(90, 'ວັດສິນໄຊພັດທະນາຣາມ', 'ສິນໄຊພັດທະນາຣາມ', '', '', 'https://laotemples.com', NULL, '', 'ສິນໄຊພັດທະນາຣາມ', 'uploads/temples/1751026813_ລົງທະບຽນຮຽນ.png', NULL, NULL, NULL, 'active', '2025-06-27 12:20:13', '2025-06-27 12:20:13', 14, 47),
(92, 'ວັດດອຍແດງ', 'ດອຍແດງ', '', '', 'https://laotemples.com', NULL, '', 'ດອຍແດງ', 'uploads/temples/1751026899_ລົງທະບຽນຮຽນ.png', NULL, NULL, NULL, 'active', '2025-06-27 12:21:39', '2025-06-27 12:21:39', 14, 46),
(93, 'ວັດທອງທິບພັດທະນາຣາມ', 'ທອງທິບພັດທະນາຣາມ', '', '', 'https://laotemples.com', NULL, '', '', 'uploads/temples/1751027070_ລົງທະບຽນຮຽນ.png', NULL, NULL, NULL, 'active', '2025-06-27 12:24:30', '2025-06-27 12:24:30', 14, 46),
(94, 'ວັດຍາງຄຳ', 'ຍາງຄຳ', '', '', 'https://laotemples.com', NULL, '', 'ຍາງຄຳ', 'uploads/temples/1751027099_ລົງທະບຽນຮຽນ.png', NULL, NULL, NULL, 'active', '2025-06-27 12:24:59', '2025-06-27 12:24:59', 14, 46),
(95, 'ວັດຜາທາດ', 'ຜາທາດ', '', '', 'https://laotemples.com', NULL, '', 'ຜາທາດ', 'uploads/temples/1751027125_ລົງທະບຽນຮຽນ.png', NULL, NULL, NULL, 'active', '2025-06-27 12:25:25', '2025-06-27 12:25:25', 14, 46),
(96, 'ວັດດອມຈອມແຈ້ງ', 'ດອມຈອມແຈ້ງ', '', '', 'https://laotemples.com', NULL, '', 'ດອມຈອມແຈ້ງ', 'uploads/temples/1751027152_ລົງທະບຽນຮຽນ.png', NULL, NULL, NULL, 'active', '2025-06-27 12:25:52', '2025-06-27 12:25:52', 14, 46),
(97, 'ວັດສີບຸນມີໄຊຈະເລີນ', 'ສີບຸນມີໄຊຈະເລີນ', '', '', 'https://laotemples.com', NULL, '', 'ສີບຸນມີໄຊຈະເລີນ', 'uploads/temples/1751027181_ລົງທະບຽນຮຽນ.png', NULL, NULL, NULL, 'active', '2025-06-27 12:26:21', '2025-06-27 12:26:21', 14, 46),
(98, 'ວັດຜາຄຳ', 'ຜາຄຳ', '', '', 'https://laotemples.com', NULL, '', 'ຜາຄຳ', 'uploads/temples/1751027212_ລົງທະບຽນຮຽນ.png', NULL, NULL, NULL, 'active', '2025-06-27 12:26:52', '2025-06-27 12:26:52', 14, 46),
(99, 'ວັດສິງໃຈ', 'ສິງໃຈ', '', '', 'https://laotemples.com', NULL, '', 'ສິງໃຈ', 'uploads/temples/1751027238_ລົງທະບຽນຮຽນ.png', NULL, NULL, NULL, 'active', '2025-06-27 12:27:18', '2025-06-27 12:27:18', 14, 46),
(100, 'ວັດຫຼວງໃຈເມືອງສັງວະຣາຣາມ', 'ຫຼວງໃຈເມືອງສັງວະຣາຣາມ', '', '', 'https://laotemples.com', NULL, '', 'ຫຼວງໃຈເມືອງສັງວະຣາຣາມ', 'uploads/temples/1751027259_ລົງທະບຽນຮຽນ.png', NULL, NULL, NULL, 'active', '2025-06-27 12:27:39', '2025-06-27 12:27:39', 14, 46),
(101, 'ວັດສຼີດອນໃຈ', 'ສຼີດອນໃຈ', '', '', 'https://laotemples.com', NULL, '', 'ສຼີດອນໃຈ', 'uploads/temples/1751027291_ລົງທະບຽນຮຽນ.png', NULL, NULL, NULL, 'active', '2025-06-27 12:28:11', '2025-06-27 12:28:11', 14, 46),
(102, 'ວັດຊຽງຄຳ', 'ຊຽງຄຳ', '', '', 'https://laotemples.com', NULL, '', 'ຊຽງຄຳ', 'uploads/temples/1751027314_ລົງທະບຽນຮຽນ.png', NULL, NULL, NULL, 'active', '2025-06-27 12:28:34', '2025-06-27 12:28:34', 14, 46),
(103, 'ວັດຫິນແກ້ວຣັດຕະນາຣາມ', 'ຫິນແກ້ວຣັດຕະນາຣາມ', '', '', 'https://laotemples.com', NULL, '', 'ຫິນແກ້ວຣັດຕະນາຣາມ', 'uploads/temples/1751027341_ລົງທະບຽນຮຽນ.png', NULL, NULL, NULL, 'active', '2025-06-27 12:29:01', '2025-06-27 12:29:01', 14, 46),
(104, 'ວັດສີທາດ', 'ສີທາດ', '', '', 'https://laotemples.com', NULL, '', 'ສີທາດ', 'uploads/temples/1751027369_ລົງທະບຽນຮຽນ.png', NULL, NULL, NULL, 'active', '2025-06-27 12:29:29', '2025-06-27 12:29:29', 14, 46),
(105, 'ວັດສຼີດອນແຍງ', 'ສຼີດອນແຍງ', '', '', 'https://laotemples.com', NULL, '', 'ສຼີດອນແຍງ', 'uploads/temples/1751027391_ລົງທະບຽນຮຽນ.png', NULL, NULL, NULL, 'active', '2025-06-27 12:29:51', '2025-06-27 12:29:51', 14, 46),
(106, 'ວັດສຼີດອນຄູນ', 'ສຼີດອນຄູນ', '', '', 'https://laotemples.com', NULL, '', 'ສຼີດອນຄູນ', 'uploads/temples/1751027417_ລົງທະບຽນຮຽນ.png', NULL, NULL, NULL, 'active', '2025-06-27 12:30:17', '2025-06-27 12:30:17', 14, 46),
(107, 'ວັດສຼີດອນເງີນ', 'ສຼີດອນເງີນ', '', '', 'https://laotemples.com', NULL, '', 'ສຼີດອນເງີນ', 'uploads/temples/1751027438_ລົງທະບຽນຮຽນ.png', NULL, NULL, NULL, 'active', '2025-06-27 12:30:38', '2025-06-27 12:30:38', 14, 46),
(108, 'ວັດນາຄຳ', 'ນາຄຳ', '', '', 'https://laotemples.com', NULL, '', 'ນາຄຳ', 'uploads/temples/1751027459_ລົງທະບຽນຮຽນ.png', NULL, NULL, NULL, 'active', '2025-06-27 12:30:59', '2025-06-27 12:30:59', 14, 46),
(109, 'ວັດສຼີຣິຈຳປາ', 'ສຼີຣິຈຳປາ', '', '', 'https://laotemples.com', NULL, '', 'ສຼີຣິຈຳປາ', 'uploads/temples/1751027485_ລົງທະບຽນຮຽນ.png', NULL, NULL, NULL, 'active', '2025-06-27 12:31:25', '2025-06-27 12:31:25', 14, 46),
(110, 'ວັດສີຣັດຕະນະນາຣາມ', 'ສີຣັດຕະນະນາຣາມ', '', '', 'https://laotemples.com', NULL, '', 'ສີຣັດຕະນະນາຣາມ', 'uploads/temples/1751027507_ລົງທະບຽນຮຽນ.png', NULL, NULL, NULL, 'active', '2025-06-27 12:31:47', '2025-06-27 12:31:47', 14, 46),
(111, 'ວັດໂພຄຳພັດທະນາຣາມ', 'ໂພຄຳພັດທະນາຣາມ', '', '', 'https://laotemples.com', NULL, '', 'ໂພຄຳພັດທະນາຣາມ', 'uploads/temples/1751027537_ລົງທະບຽນຮຽນ.png', NULL, NULL, NULL, 'active', '2025-06-27 12:32:17', '2025-06-27 12:32:17', 14, 46),
(112, 'ວັດສຼີດອນມູນ', 'ສຼີດອນມູນ', '', '', 'https://laotemples.com', NULL, '', 'ສຼີດອນມູນ', 'uploads/temples/1751027562_ລົງທະບຽນຮຽນ.png', NULL, NULL, NULL, 'active', '2025-06-27 12:32:42', '2025-06-27 12:32:42', 14, 46),
(113, 'ວັດສຸວັນນະສີຣິໂຄມຄຳ', 'ສຸວັນນະສີຣິໂຄມຄຳ', '', '', 'https://laotemples.com', NULL, '', 'ສຸວັນນະສີຣິໂຄມຄຳ', 'uploads/temples/1751027583_ລົງທະບຽນຮຽນ.png', NULL, NULL, NULL, 'active', '2025-06-27 12:33:03', '2025-06-27 12:33:03', 14, 46),
(114, 'ວັດສີມຸງຄຸນ', 'ສີມຸງຄຸນ', '', '', 'https://laotemples.com', NULL, '', 'ສີມຸງຄຸນ', 'uploads/temples/1751027608_ລົງທະບຽນຮຽນ.png', NULL, NULL, NULL, 'active', '2025-06-27 12:33:28', '2025-06-27 12:33:28', 14, 46),
(115, 'ວັດສຸວັນນະພູຄູນ', 'ສຸວັນນະພູຄູນ', '', '', 'https://laotemples.com', NULL, '', 'ສຸວັນນະພູຄູນ', 'uploads/temples/1751027629_ລົງທະບຽນຮຽນ.png', NULL, NULL, NULL, 'active', '2025-06-27 12:33:49', '2025-06-27 12:33:49', 14, 46),
(116, 'ວັດສຸວັນນະສີເຈຕະວັນນາຣາມ', 'ສຸວັນນະສີເຈຕະວັນນາຣາມ', '', '', 'https://laotemples.com', NULL, '', 'ສຸວັນນະສີເຈຕະວັນນາຣາມ', 'uploads/temples/1751027650_ລົງທະບຽນຮຽນ.png', NULL, NULL, NULL, 'active', '2025-06-27 12:34:10', '2025-06-27 12:34:10', 14, 46),
(117, 'ວັດພຽງງາມສະຫວ່າງມີໄຊຍະຣາມ', 'ພຽງງາມສະຫວ່າງມີໄຊຍະຣາມ', '', '', 'https://laotemples.com', NULL, '', 'ພຽງງາມສະຫວ່າງມີໄຊຍະຣາມ', 'uploads/temples/1751027675_ລົງທະບຽນຮຽນ.png', NULL, NULL, NULL, 'active', '2025-06-27 12:34:35', '2025-06-27 12:34:35', 14, 46),
(118, 'ວັດສີເກິ່ງຄຳ', 'ສີເກິ່ງຄຳ', '', '', 'https://laotemples.com', NULL, '', 'ສີເກິ່ງຄຳ', 'uploads/temples/1751027712_ລົງທະບຽນຮຽນ.png', NULL, NULL, NULL, 'active', '2025-06-27 12:35:12', '2025-06-27 12:35:12', 14, 46),
(119, 'ວັດສີບຸນເຮືອງ', 'ສີບຸນເຮືອງ', '', '', 'https://laotemples.com', NULL, '', 'ສີບຸນເຮືອງ', 'uploads/temples/1751027737_ລົງທະບຽນຮຽນ.png', NULL, NULL, NULL, 'active', '2025-06-27 12:35:37', '2025-06-27 12:35:37', 14, 46),
(120, 'ວັດສຣີດອນສັກ', 'ສຣີດອນສັກ', '', '', 'https://laotemples.com', NULL, '', 'ສຣີດອນສັກ', 'uploads/temples/1751027766_ລົງທະບຽນຮຽນ.png', NULL, NULL, NULL, 'active', '2025-06-27 12:36:06', '2025-06-27 12:36:06', 14, 46),
(121, 'ວັດຕາງອໍ້', 'ຕາງອໍ້', '', '', 'https://laotemples.com', NULL, '', 'ຕາງອໍ້', 'uploads/temples/1751027788_ລົງທະບຽນຮຽນ.png', NULL, NULL, NULL, 'active', '2025-06-27 12:36:28', '2025-06-27 12:36:28', 14, 46),
(122, 'ວັດມ່ວງຄຳ', 'ມ່ວງຄຳ', '', '', 'https://laotemples.com', NULL, '', 'ມ່ວງຄຳ', 'uploads/temples/1751027812_ລົງທະບຽນຮຽນ.png', NULL, NULL, NULL, 'active', '2025-06-27 12:36:52', '2025-06-27 12:36:52', 14, 46),
(123, 'ວັດໂພນທອງມະນີໄຊຍະລາດ', 'ໂພນທອງມະນີໄຊຍະລາດ', '', '', 'https://laotemples.com', NULL, '', 'ໂພນທອງມະນີໄຊຍະລາດ', 'uploads/temples/1751027868_ລົງທະບຽນຮຽນ.png', NULL, NULL, NULL, 'active', '2025-06-27 12:37:48', '2025-06-27 12:37:48', 14, 49),
(124, 'ວັດສຼີຊຸມມັງສະວິຣັດ', 'ສຼີຊຸມມັງສະວິຣັດ', '', '', 'https://laotemples.com', NULL, '', 'ສຼີຊຸມມັງສະວິຣັດ', 'uploads/temples/1751027889_ລົງທະບຽນຮຽນ.png', NULL, NULL, NULL, 'active', '2025-06-27 12:38:09', '2025-06-27 12:38:09', 14, 49),
(125, 'ວັດສຼີດອນໄຊຍ໌', 'ສຼີດອນໄຊຍ໌', '', '', 'https://laotemples.com', NULL, '', 'ສຼີດອນໄຊຍ໌', 'uploads/temples/1751027915_ລົງທະບຽນຮຽນ.png', NULL, NULL, NULL, 'active', '2025-06-27 12:38:35', '2025-06-27 12:38:35', 14, 49),
(126, 'ວັດສຼີເກດແກ້ວ', 'ສຼີເກດແກ້ວ', '', '', 'https://laotemples.com', NULL, '', 'ສຼີເກດແກ້ວ', 'uploads/temples/1751027940_ລົງທະບຽນຮຽນ.png', NULL, NULL, NULL, 'active', '2025-06-27 12:39:00', '2025-06-27 12:39:00', 14, 49),
(127, 'ວັດສະຫຼີເກດແກ້ວ', 'ສະຫຼີເກດແກ້ວ', '', '', 'https://laotemples.com', NULL, '', 'ສະຫຼີເກດແກ້ວ', 'uploads/temples/1751027963_ລົງທະບຽນຮຽນ.png', NULL, NULL, NULL, 'active', '2025-06-27 12:39:23', '2025-06-27 12:39:23', 14, 49),
(128, 'ວັດສະຫຼີດອນມູນ', 'ສະຫຼີດອນມູນ', '', '', 'https://laotemples.com', NULL, '', 'ສະຫຼີດອນມູນ', 'uploads/temples/1751027993_ລົງທະບຽນຮຽນ.png', NULL, NULL, NULL, 'active', '2025-06-27 12:39:53', '2025-06-27 12:39:53', 14, 49),
(129, 'ວັດຮົ່ມໂພສະຫວ່າງ', 'ຮົ່ມໂພສະຫວ່າງ', '', '', 'https://laotemples.com', NULL, '', 'ຮົ່ມໂພສະຫວ່າງ', 'uploads/temples/1751028025_ລົງທະບຽນຮຽນ.png', NULL, NULL, NULL, 'active', '2025-06-27 12:40:25', '2025-06-27 12:40:25', 14, 49),
(130, 'ວັດສີສັງວອນ', 'ສີສັງວອນ', '', '', 'https://laotemples.com', NULL, '', 'ສີສັງວອນ', 'uploads/temples/1751028048_ລົງທະບຽນຮຽນ.png', NULL, NULL, NULL, 'active', '2025-06-27 12:40:48', '2025-06-27 12:40:48', 14, 49),
(131, 'ວັດໂພນໄຊຍະຣາມ', 'ໂພນໄຊຍະຣາມ', '', '', 'https://laotemples.com', NULL, '', 'ໂພນໄຊຍະຣາມ', 'uploads/temples/1751028074_ລົງທະບຽນຮຽນ.png', NULL, NULL, NULL, 'active', '2025-06-27 12:41:14', '2025-06-27 12:41:14', 14, 49),
(132, 'ວັດຫົງສາວະດີ', 'ຫົງສາວະດີ', '', '', 'https://laotemples.com', NULL, '', 'ຫົງສາວະດີ', 'uploads/temples/1751028096_ລົງທະບຽນຮຽນ.png', NULL, NULL, NULL, 'active', '2025-06-27 12:41:36', '2025-06-27 12:41:36', 14, 49),
(133, 'ວັດນາຫົງຣັດຕະນະມຸງຄຸນ', 'ນາຫົງຣັດຕະນະມຸງຄຸນ', '', '', 'https://laotemples.com', NULL, '', 'ນາຫົງຣັດຕະນະມຸງຄຸນ', 'uploads/temples/1751028116_ລົງທະບຽນຮຽນ.png', NULL, NULL, NULL, 'active', '2025-06-27 12:41:56', '2025-06-27 12:41:56', 14, 49),
(134, 'ວັດສຼີດອນແກ້ວ', 'ສຼີດອນແກ້ວ', '', '', 'https://laotemples.com', NULL, '', 'ສຼີດອນແກ້ວ', 'uploads/temples/1751028137_ລົງທະບຽນຮຽນ.png', NULL, NULL, NULL, 'active', '2025-06-27 12:42:17', '2025-06-27 12:42:17', 14, 49),
(135, 'ວັດສຸວັນນະຄີລີ-ນ້ຳຄຳ', 'ສຸວັນນະຄີລີ-ນ້ຳຄຳ', '', '', 'https://laotemples.com', NULL, '', 'ສຸວັນນະຄີລີ-ນ້ຳຄຳ', 'uploads/temples/1751028201_ລົງທະບຽນຮຽນ.png', NULL, NULL, NULL, 'active', '2025-06-27 12:43:21', '2025-06-27 12:43:21', 14, 45),
(136, 'ວັດໃໝ່ພູຄາພັດທະນາຣາມ', 'ໃໝ່ພູຄາພັດທະນາຣາມ', '', '', 'https://laotemples.com', NULL, '', 'ໃໝ່ພູຄາພັດທະນາຣາມ', 'uploads/temples/1751028224_ລົງທະບຽນຮຽນ.png', NULL, NULL, NULL, 'active', '2025-06-27 12:43:44', '2025-06-27 12:43:44', 14, 45),
(137, 'ວັດໃໝ່ພູຄາພັດທະນາຣາມ', 'ໃໝ່ພູຄາພັດທະນາຣາມ', '', '', 'https://laotemples.com', NULL, '', 'ໃໝ່ພູຄາພັດທະນາຣາມ', 'uploads/temples/1751028244_ລົງທະບຽນຮຽນ.png', NULL, NULL, NULL, 'active', '2025-06-27 12:44:04', '2025-06-27 12:44:04', 14, 45),
(138, 'ວັດສັນຕິວິລາດ', 'ສັນຕິວິລາດ', '', '', 'https://laotemples.com', NULL, '', 'ສັນຕິວິລາດ', 'uploads/temples/1751028272_ລົງທະບຽນຮຽນ.png', NULL, NULL, NULL, 'active', '2025-06-27 12:44:32', '2025-06-27 12:44:32', 14, 45),
(139, 'ວັດແກ້ວໂພທາຣາມ', 'ແກ້ວໂພທາຣາມ', '', '', 'https://laotemples.com', NULL, '', 'ແກ້ວໂພທາຣາມ', 'uploads/temples/1751028300_ລົງທະບຽນຮຽນ.png', NULL, NULL, NULL, 'active', '2025-06-27 12:45:00', '2025-06-27 12:45:00', 14, 45),
(140, 'ວັດໂພສຼີນາແລ', 'ໂພສຼີນາແລ', '', '', 'https://laotemples.com', NULL, '', 'ໂພສຼີນາແລ', 'uploads/temples/1751028323_ລົງທະບຽນຮຽນ.png', NULL, NULL, NULL, 'active', '2025-06-27 12:45:23', '2025-06-27 12:45:23', 14, 45),
(141, 'ວັດໂພໄຊຍະຣາມ', 'ໂພໄຊຍະຣາມ', '', '', 'https://laotemples.com', NULL, '', 'ໂພໄຊຍະຣາມ', 'uploads/temples/1751028349_ລົງທະບຽນຮຽນ.png', NULL, NULL, NULL, 'active', '2025-06-27 12:45:49', '2025-06-27 12:45:49', 14, 45),
(142, 'ວັດພິບຸນທອງ', 'ພິບຸນທອງ', '', '', 'https://laotemples.com', NULL, '', 'ພິບຸນທອງ', 'uploads/temples/1751028375_ລົງທະບຽນຮຽນ.png', NULL, NULL, NULL, 'active', '2025-06-27 12:46:15', '2025-06-27 12:46:15', 14, 45),
(143, 'ວັດສິນອຸດົມໂພທາຣາມ', 'ສິນອຸດົມໂພທາຣາມ', '', '', 'https://laotemples.com', NULL, '', 'ສິນອຸດົມໂພທາຣາມ', 'uploads/temples/1751028397_ລົງທະບຽນຮຽນ.png', NULL, NULL, NULL, 'active', '2025-06-27 12:46:37', '2025-06-27 12:46:37', 14, 45),
(144, 'ວັດໄຊຍະມຸງຄຸນວັນນະຣາມ', 'ໄຊຍະມຸງຄຸນວັນນະຣາມ', '', '', 'https://laotemples.com', NULL, '', 'ໄຊຍະມຸງຄຸນວັນນະຣາມ', 'uploads/temples/1751028424_ລົງທະບຽນຮຽນ.png', NULL, NULL, NULL, 'active', '2025-06-27 12:47:04', '2025-06-27 12:47:04', 14, 45),
(145, 'ວັດສີໂພໄຊມັງຄາຣາມ', 'ສີໂພໄຊມັງຄາຣາມ', '', '', 'https://laotemples.com', NULL, '', 'ສີໂພໄຊມັງຄາຣາມ', 'uploads/temples/1751028458_ລົງທະບຽນຮຽນ.png', NULL, NULL, NULL, 'active', '2025-06-27 12:47:38', '2025-06-27 12:47:38', 14, 45),
(146, 'ວັດປາກງາວໂພທາຣາມ', 'ປາກງາວໂພທາຣາມ', '', '', 'https://laotemples.com', NULL, '', 'ປາກງາວໂພທາຣາມ', 'uploads/temples/1751028556_ລົງທະບຽນຮຽນ.png', NULL, NULL, NULL, 'active', '2025-06-27 12:49:16', '2025-06-27 12:49:16', 14, 45),
(147, 'ວັດດອນໄຊພິລາດ', 'ດອນໄຊພິລາດ', '', '', 'https://laotemples.com', NULL, '', 'ດອນໄຊພິລາດ', 'uploads/temples/1751028594_ລົງທະບຽນຮຽນ.png', NULL, NULL, NULL, 'active', '2025-06-27 12:49:54', '2025-06-27 12:49:54', 14, 45),
(148, 'ວັດໂພຄາຣາມຫ້ວຍຕາບ', 'ໂພຄາຣາມຫ້ວຍຕາບ', '', '', 'https://laotemples.com', NULL, '', 'ໂພຄາຣາມຫ້ວຍຕາບ', 'uploads/temples/1751028616_ລົງທະບຽນຮຽນ.png', NULL, NULL, NULL, 'active', '2025-06-27 12:50:16', '2025-06-27 12:50:16', 14, 45),
(149, 'ວັດນ້ຳງາວ', 'ນ້ຳງາວ', '', '', 'https://laotemples.com', NULL, '', 'ນ້ຳງາວ', 'uploads/temples/1751028632_ລົງທະບຽນຮຽນ.png', NULL, NULL, NULL, 'active', '2025-06-27 12:50:32', '2025-06-27 12:50:32', 14, 45),
(150, 'ວັດຈັນສະຫວ່າງ', 'ຈັນສະຫວ່າງ', '', '', 'https://laotemples.com', NULL, '', 'ຈັນສະຫວ່າງ', 'uploads/temples/1751028652_ລົງທະບຽນຮຽນ.png', NULL, NULL, NULL, 'active', '2025-06-27 12:50:52', '2025-06-27 12:50:52', 14, 45),
(151, 'ວັດຈອມກະຕິຣັດຕະນະມຸງຄຸນ', 'ຈອມກະຕິຣັດຕະນະມຸງຄຸນ', '', '', 'https://laotemples.com', NULL, '', 'ຈອມກະຕິຣັດຕະນະມຸງຄຸນ', 'uploads/temples/1751028672_ລົງທະບຽນຮຽນ.png', NULL, NULL, NULL, 'active', '2025-06-27 12:51:12', '2025-06-27 12:51:12', 14, 45),
(152, 'ວັດນາໜູນ', 'ນາໜູນ', '', '', 'https://laotemples.com', NULL, '', 'ນາໜູນ', 'uploads/temples/1751028695_ລົງທະບຽນຮຽນ.png', NULL, NULL, NULL, 'active', '2025-06-27 12:51:35', '2025-06-27 12:51:35', 14, 45),
(153, 'ວັດສຼີມຸງຄຸນຣັດຕະນາຣາມ', 'ສຼີມຸງຄຸນຣັດຕະນາຣາມ', '', '', 'https://laotemples.com', NULL, '', 'ສຼີມຸງຄຸນຣັດຕະນາຣາມ', 'uploads/temples/1751028717_ລົງທະບຽນຮຽນ.png', NULL, NULL, NULL, 'active', '2025-06-27 12:51:57', '2025-06-27 12:51:57', 14, 45),
(154, 'ວັດຈອມແຈ້ງວັນນະຣາມ', 'ຈອມແຈ້ງວັນນະຣາມ', '', '', 'https://laotemples.com', NULL, '', 'ຈອມແຈ້ງວັນນະຣາມ', 'uploads/temples/1751028733_ລົງທະບຽນຮຽນ.png', NULL, NULL, NULL, 'active', '2025-06-27 12:52:13', '2025-06-27 12:52:13', 14, 45),
(155, 'ວັດທ່າຟ້າ', 'ທ່າຟ້າ', '', '', 'https://laotemples.com', NULL, '', 'ທ່າຟ້າ', 'uploads/temples/1751028749_ລົງທະບຽນຮຽນ.png', NULL, NULL, NULL, 'active', '2025-06-27 12:52:29', '2025-06-27 12:52:29', 14, 45),
(156, 'ວັດໂພນໄຊ', 'ໂພນໄຊ', '', '', 'https://laotemples.com', NULL, '', 'ໂພນໄຊ', 'uploads/temples/1751028765_ລົງທະບຽນຮຽນ.png', NULL, NULL, NULL, 'active', '2025-06-27 12:52:45', '2025-06-27 12:52:45', 14, 45),
(157, 'ວັດໂພຄຳ', 'ໂພຄຳ', '', '', 'https://laotemples.com', NULL, '', 'ໂພຄຳ', 'uploads/temples/1751028785_ລົງທະບຽນຮຽນ.png', NULL, NULL, NULL, 'active', '2025-06-27 12:53:05', '2025-06-27 12:53:05', 14, 45),
(158, 'ວັດຈອມຮຸ່ງພົງສະຫວັນ', 'ຈອມຮຸ່ງພົງສະຫວັນ', '', '', 'https://laotemples.com', NULL, '', 'ຈອມຮຸ່ງພົງສະຫວັນ', 'uploads/temples/1751028805_ລົງທະບຽນຮຽນ.png', NULL, NULL, NULL, 'active', '2025-06-27 12:53:25', '2025-06-27 12:53:25', 14, 45),
(159, 'ວັດດອນແກ້ວພາວະນາຣາມ', 'ດອນແກ້ວພາວະນາຣາມ', '', '', 'https://laotemples.com', NULL, '', 'ດອນແກ້ວພາວະນາຣາມ', 'uploads/temples/1751028826_ລົງທະບຽນຮຽນ.png', NULL, NULL, NULL, 'active', '2025-06-27 12:53:46', '2025-06-27 12:53:46', 14, 45),
(160, 'ວັດສຼີຈອມແຈ້ງ', 'ສຼີຈອມແຈ້ງ', '', '', 'https://laotemples.com', NULL, '', 'ສຼີຈອມແຈ້ງ', 'uploads/temples/1751028862_ລົງທະບຽນຮຽນ.png', NULL, NULL, NULL, 'active', '2025-06-27 12:54:22', '2025-06-27 12:54:22', 14, 45),
(161, 'ວັດດອນແຍງສີມຸງຄຸນ', 'ດອນແຍງສີມຸງຄຸນ', '', '', 'https://laotemples.com', NULL, '', 'ດອນແຍງສີມຸງຄຸນ', 'uploads/temples/1751028882_ລົງທະບຽນຮຽນ.png', NULL, NULL, NULL, 'active', '2025-06-27 12:54:42', '2025-06-27 12:54:42', 14, 45),
(162, 'ວັດໃໝ່ນິຍົມໄຊມຸງຄຸນ', 'ໃໝ່ນິຍົມໄຊມຸງຄຸນ', '', '', 'https://laotemples.com', NULL, '', 'ໃໝ່ນິຍົມໄຊມຸງຄຸນ', 'uploads/temples/1751029080_ລົງທະບຽນຮຽນ.png', NULL, NULL, NULL, 'active', '2025-06-27 12:58:00', '2025-06-27 12:58:00', 14, 45),
(163, 'ວັດຈອມແກ້ວມະນີແສງ', 'ຈອມແກ້ວມະນີແສງ', '', '', 'https://laotemples.com', NULL, '', 'ຈອມແກ້ວມະນີແສງ', 'uploads/temples/1751029103_ລົງທະບຽນຮຽນ.png', NULL, NULL, NULL, 'active', '2025-06-27 12:58:23', '2025-06-27 12:58:23', 14, 45),
(164, 'ວັດໜອງເງີນ', 'ໜອງເງີນ', '', '', 'https://laotemples.com', NULL, '', 'ໜອງເງີນ', 'uploads/temples/1751029121_ລົງທະບຽນຮຽນ.png', NULL, NULL, NULL, 'active', '2025-06-27 12:58:41', '2025-06-27 12:58:41', 14, 45),
(165, 'ວັດໂພນສະຫວ່າງ', 'ໂພນສະຫວ່າງ', '', '', 'https://laotemples.com', NULL, '', 'ໂພນສະຫວ່າງ', 'uploads/temples/1751029140_ລົງທະບຽນຮຽນ.png', NULL, NULL, NULL, 'active', '2025-06-27 12:59:00', '2025-06-27 12:59:00', 14, 45),
(166, 'ວັດດອນສຸຂະຣາມ', 'ດອນສຸຂະຣາມ', '', '', 'https://laotemples.com', NULL, '', 'ດອນສຸຂະຣາມ', 'uploads/temples/1751029167_ລົງທະບຽນຮຽນ.png', NULL, NULL, NULL, 'active', '2025-06-27 12:59:27', '2025-06-27 12:59:27', 14, 45),
(167, 'ວັດໂພນໄຊຣັດຕະນາຣາມ', 'ໂພນໄຊຣັດຕະນາຣາມ', '', '', 'https://laotemples.com', NULL, '', 'ໂພນໄຊຣັດຕະນາຣາມ', 'uploads/temples/1751029182_ລົງທະບຽນຮຽນ.png', NULL, NULL, NULL, 'active', '2025-06-27 12:59:42', '2025-06-27 12:59:42', 14, 45),
(168, 'ວັດທາດແກ້ວມະນີແສງ', 'ທາດແກ້ວມະນີແສງ', '', '', 'https://laotemples.com', NULL, '', 'ທາດແກ້ວມະນີແສງ', 'uploads/temples/1751029211_ລົງທະບຽນຮຽນ.png', NULL, NULL, NULL, 'active', '2025-06-27 13:00:11', '2025-06-27 13:00:11', 14, 45),
(169, 'ວັດໂພນມີໄຊ', 'ໂພນມີໄຊ', '', '', 'https://laotemples.com', NULL, '', 'ໂພນມີໄຊ', 'uploads/temples/1751029232_ລົງທະບຽນຮຽນ.png', NULL, NULL, NULL, 'active', '2025-06-27 13:00:32', '2025-06-27 13:00:32', 14, 45),
(170, 'ວັດສີດອນມູນສາສະດາຣາມ', 'ສີດອນມູນສາສະດາຣາມ', '', '', 'https://laotemples.com', NULL, '', 'ສີດອນມູນສາສະດາຣາມ', 'uploads/temples/1751029253_ລົງທະບຽນຮຽນ.png', NULL, NULL, NULL, 'active', '2025-06-27 13:00:53', '2025-06-27 13:00:53', 14, 45),
(171, 'ວັດສຼີໂພໄຊວະນາຣາມ', 'ສຼີໂພໄຊວະນາຣາມ', '', '', 'https://laotemples.com', NULL, '', 'ສຼີໂພໄຊວະນາຣາມ', 'uploads/temples/1751029273_ລົງທະບຽນຮຽນ.png', NULL, NULL, NULL, 'active', '2025-06-27 13:01:13', '2025-06-27 13:01:13', 14, 45),
(172, 'ວັດສຼີມຸງຄຸນຣັດຕະນາຣາມ', 'ສຼີມຸງຄຸນຣັດຕະນາຣາມ', '', '', 'https://laotemples.com', NULL, '', 'ສຼີມຸງຄຸນຣັດຕະນາຣາມ', 'uploads/temples/1751029302_ລົງທະບຽນຮຽນ.png', NULL, NULL, NULL, 'active', '2025-06-27 13:01:42', '2025-06-27 13:01:42', 14, 45),
(173, 'ວັດດອຍຄ້ອງມິ່ງມຸງຄຸນ', 'ດອຍຄ້ອງມິ່ງມຸງຄຸນ', '', '', 'https://laotemples.com', NULL, '', 'ດອຍຄ້ອງມິ່ງມຸງຄຸນ', 'uploads/temples/1751029322_ລົງທະບຽນຮຽນ.png', NULL, NULL, NULL, 'active', '2025-06-27 13:02:02', '2025-06-27 13:02:02', 14, 45),
(174, 'ວັດສຣີດອນແກ້ວ', 'ສຣີດອນແກ້ວ', '', '', 'https://laotemples.com', NULL, '', 'ສຣີດອນແກ້ວ', 'uploads/temples/1751029350_ລົງທະບຽນຮຽນ.png', NULL, NULL, NULL, 'active', '2025-06-27 13:02:30', '2025-06-27 13:02:30', 14, 45),
(175, 'ວັດສີໂພນໄຊ ສັນຕິວິລາດ', 'ສີໂພນໄຊ ສັນຕິວິລາດ', '', '', 'https://laotemples.com', NULL, '', 'ສີໂພນໄຊ ສັນຕິວິລາດ', 'uploads/temples/1751029375_ລົງທະບຽນຮຽນ.png', NULL, NULL, NULL, 'active', '2025-06-27 13:02:55', '2025-06-27 13:02:55', 14, 45),
(176, 'ວັດປ່າອ້ອຍມະນີວັນ', 'ປ່າອ້ອຍມະນີວັນ', '', '', 'https://laotemples.com', NULL, '', 'ປ່າອ້ອຍມະນີວັນ', 'uploads/temples/1751029400_ລົງທະບຽນຮຽນ.png', NULL, NULL, NULL, 'active', '2025-06-27 13:03:20', '2025-06-27 13:03:20', 14, 45),
(177, 'ວັດທາດສຸວັນນະຜ້າຄຳ', 'ທາດສຸວັນນະຜ້າຄຳ', '', '', 'https://laotemples.com', NULL, '', 'ທາດສຸວັນນະຜ້າຄຳ', 'uploads/temples/1751029430_ລົງທະບຽນຮຽນ.png', NULL, NULL, NULL, 'active', '2025-06-27 13:03:50', '2025-06-27 13:03:50', 14, 45),
(178, 'ວັດຈອມເຂົາມະນີລັຕນ໌', 'ຈອມເຂົາມະນີລັຕນ໌', '', '', 'https://laotemples.com', NULL, '', 'ຈອມເຂົາມະນີລັຕນ໌', 'uploads/temples/1751029456_ລົງທະບຽນຮຽນ.png', NULL, NULL, NULL, 'active', '2025-06-27 13:04:16', '2025-06-27 13:04:16', 14, 45),
(179, 'ວັດແກ້ວໂພນສະຫວັນ', 'ແກ້ວໂພນສະຫວັນ', '', '', 'https://laotemples.com', NULL, '', 'ແກ້ວໂພນສະຫວັນ', 'uploads/temples/1751029573_ລົງທະບຽນຮຽນ.png', NULL, NULL, NULL, 'active', '2025-06-27 13:06:13', '2025-06-27 13:06:13', 14, 45),
(180, 'ວັດໂພໄຊຍະຣາມ', 'ໂພໄຊຍະຣາມ', '', '', 'https://laotemples.com', NULL, '', 'ໂພໄຊຍະຣາມ', 'uploads/temples/1751029597_ລົງທະບຽນຮຽນ.png', NULL, NULL, NULL, 'active', '2025-06-27 13:06:37', '2025-06-27 13:06:37', 14, 45),
(181, 'ວັດຂອນແກ້ວໄຊຍະຣາມ', 'ຂອນແກ້ວໄຊຍະຣາມ', '', '', 'https://laotemples.com', NULL, '', 'ຂອນແກ້ວໄຊຍະຣາມ', 'uploads/temples/1751029631_ລົງທະບຽນຮຽນ.png', NULL, NULL, NULL, 'active', '2025-06-27 13:07:11', '2025-06-27 13:07:11', 14, 45),
(182, 'ວັດພຣະທາດແສນໄຊໂພທາຣາມ', 'ພຣະທາດແສນໄຊໂພທາຣາມ', '', '', 'https://laotemples.com', NULL, '', 'ພຣະທາດແສນໄຊໂພທາຣາມ', NULL, NULL, NULL, NULL, 'active', '2025-06-27 13:07:34', '2025-06-27 13:07:34', 14, 45),
(183, 'ວັດແສງສະຫວ່າງໂພນໄຊ', 'ແສງສະຫວ່າງໂພນໄຊ', '', '', 'https://laotemples.com', NULL, '', 'ແສງສະຫວ່າງໂພນໄຊ', NULL, NULL, NULL, NULL, 'active', '2025-06-27 13:08:33', '2025-06-27 13:08:33', 14, 48),
(184, 'ວັດຈອມແກ້ວໂພນໄຊ', 'ຈອມແກ້ວໂພນໄຊ', '', '', 'https://laotemples.com', NULL, '', 'ຈອມແກ້ວໂພນໄຊ', NULL, NULL, NULL, NULL, 'active', '2025-06-27 13:08:50', '2025-06-27 13:08:50', 14, 48),
(185, 'ວັດໂພນມີໄຊ', 'ໂພນມີໄຊ', '', '', 'https://laotemples.com', NULL, '', 'ໂພນມີໄຊ', NULL, NULL, NULL, NULL, 'active', '2025-06-27 13:09:09', '2025-06-27 13:09:09', 14, 48),
(186, 'ວັດໂພນສີສະເກດຣັດຕະນະມຸງຄຸນ', 'ໂພນສີສະເກດຣັດຕະນະມຸງຄຸນ', '', '', 'https://laotemples.com', NULL, '', 'ໂພນສີສະເກດຣັດຕະນະມຸງຄຸນ', NULL, NULL, NULL, NULL, 'active', '2025-06-27 13:09:33', '2025-06-27 13:09:33', 14, 48),
(187, 'ວັດສຸກຈະເລີນ', 'ສຸກຈະເລີນ', '', '', 'https://laotemples.com', NULL, '', 'ສຸກຈະເລີນ', NULL, NULL, NULL, NULL, 'active', '2025-06-27 13:09:50', '2025-06-27 13:09:50', 14, 48),
(188, 'ວັດຫາດມວກ', 'ຫາດມວກ', '', '', 'https://laotemples.com', NULL, '', 'ຫາດມວກ', NULL, NULL, NULL, NULL, 'active', '2025-06-27 13:10:04', '2025-06-27 13:10:04', 14, 48),
(189, 'ວັດຈອມແກ້ວມະນີແສງ', 'ຈອມແກ້ວມະນີແສງ', '', '', 'https://laotemples.com', NULL, '', 'ຈອມແກ້ວມະນີແສງ', NULL, NULL, NULL, NULL, 'active', '2025-06-27 13:10:22', '2025-06-27 13:10:22', 14, 48),
(190, 'ວັດສົມສະຫວ່າງສັນຕິວິໄຊ', 'ສົມສະຫວ່າງສັນຕິວິໄຊ', '', '', 'https://laotemples.com', NULL, '', 'ສົມສະຫວ່າງສັນຕິວິໄຊ', NULL, NULL, NULL, NULL, 'active', '2025-06-27 13:10:36', '2025-06-27 13:10:36', 14, 48),
(191, 'ວັດຜາແກ້ວໄຊຍະຣາມ', 'ຜາແກ້ວໄຊຍະຣາມ', '', '', 'https://laotemples.com', NULL, '', 'ຜາແກ້ວໄຊຍະຣາມ', NULL, NULL, NULL, NULL, 'active', '2025-06-27 13:10:53', '2025-06-27 13:10:53', 14, 48),
(192, 'ວັດພົມມີໄຊ', 'ພົມມີໄຊ', '', '', 'https://laotemples.com', NULL, '', 'ພົມມີໄຊ', NULL, NULL, NULL, NULL, 'active', '2025-06-27 13:11:11', '2025-06-27 13:11:11', 14, 48),
(193, 'ວັດນ້ຳຄາ', 'ນ້ຳຄາ', '', '', 'https://laotemples.com', NULL, '', 'ນ້ຳຄາ', NULL, NULL, NULL, NULL, 'active', '2025-06-27 13:11:30', '2025-06-27 13:11:30', 14, 48),
(194, 'ວັດໄຊສະຫວ່າງ', 'ໄຊສະຫວ່າງ', '', '', 'https://laotemples.com', NULL, '', 'ໄຊສະຫວ່າງ', NULL, NULL, NULL, NULL, 'active', '2025-06-27 13:11:56', '2025-06-27 13:11:56', 14, 48),
(195, 'ວັດຫ້ວຍເນືອມ', 'ຫ້ວຍເນືອມ', '', '', 'https://laotemples.com', NULL, '', 'ຫ້ວຍເນືອມ', NULL, NULL, NULL, NULL, 'active', '2025-06-27 13:12:14', '2025-06-27 13:12:14', 14, 48),
(196, 'ວັດໂພນໄຊຍະຣາມ', 'ໂພນໄຊຍະຣາມ', '', '', 'https://laotemples.com', NULL, '', 'ໂພນໄຊຍະຣາມ', NULL, NULL, NULL, NULL, 'active', '2025-06-27 13:12:28', '2025-06-27 13:12:28', 14, 48),
(197, 'ວັດໄຊຍະຣາມ-ຫາດລີ', 'ໄຊຍະຣາມ-ຫາດລີ', '', '', 'https://laotemples.com', NULL, '', 'ໄຊຍະຣາມ-ຫາດລີ', NULL, NULL, NULL, NULL, 'active', '2025-06-27 13:12:43', '2025-06-27 13:12:43', 14, 48),
(198, 'ວັດຫາດໜາມ', 'ຫາດໜາມ', '', '', 'https://laotemples.com', NULL, '', 'ຫາດໜາມ', NULL, NULL, NULL, NULL, 'active', '2025-06-27 13:13:10', '2025-06-27 13:13:10', 14, 48),
(199, 'ວັດໂພນທອງມະນີໄຊຍະຣາດ', 'ຫ້ວຍທອງ', '', '', 'https://laotemples.com', NULL, '', 'ວັດໂພນທອງມະນີໄຊຍະຣາດ', NULL, NULL, NULL, NULL, 'active', '2025-06-27 13:15:16', '2025-06-27 13:16:12', 14, 49),
(200, 'ວັດສີດອນໄຊຍ໌', 'ແກ້ງພາກ', '', '', 'https://laotemples.com', NULL, '', 'ວັດໂພນທອງມະນີໄຊຍະຣາດ', NULL, NULL, NULL, NULL, 'active', '2025-06-27 13:15:47', '2025-06-27 13:15:47', 14, 49),
(201, 'ວັດສຼີຊຸມມັງສະວິຣັດ', 'ຫາດສາກ', '', '', '', NULL, '', 'ສຼີຊຸມມັງສະວິຣັດ', NULL, NULL, NULL, NULL, 'active', '2025-06-27 13:16:55', '2025-06-27 13:16:55', 14, 49),
(202, 'ວັດສຼີເກດແກ້ວ', 'ຫາດດອນແກ້ວ', '', '', '', NULL, '', 'ວັດສຼີເກດແກ້ວ', NULL, NULL, NULL, NULL, 'active', '2025-06-27 13:18:40', '2025-06-27 13:18:40', 14, 49),
(203, 'ວັດສະຫຼີເກດແກ້ວ', 'ປາງສາ', '', '', '', NULL, '', 'ວັດສະຫຼີເກດແກ້ວ	ປາງສາ', NULL, NULL, NULL, NULL, 'active', '2025-06-27 13:19:09', '2025-06-27 13:19:09', 14, 49),
(204, 'ວັດສະຫຼີດອນມູນ', 'ດົງ', '', '', '', NULL, '', 'ວັດສະຫຼີດອນມູນ	ດົງ', NULL, NULL, NULL, NULL, 'active', '2025-06-27 13:19:32', '2025-06-27 13:19:32', 14, 49),
(205, 'ວັດຮົ່ມໂພສະຫວ່າງ', 'ຫາດສະ', '', '', '', NULL, '', 'ວັດຮົ່ມໂພສະຫວ່າງ	ຫາດສະ', NULL, NULL, NULL, NULL, 'active', '2025-06-27 13:19:52', '2025-06-27 13:19:52', 14, 49),
(206, 'ວັດສີສັງວອນ', 'ປາກໂຊະ', '', '', '', NULL, '', 'ວັດສີສັງວອນ	ປາກໂຊະ', NULL, NULL, NULL, NULL, 'active', '2025-06-27 13:20:20', '2025-06-27 13:20:20', 14, 49),
(207, 'ວັດໂພນໄຊຍະຣາມ', 'ປາກທາ ຄຸ້ມ3', '', '', '', NULL, '', 'ວັດໂພນໄຊຍະຣາມ	ປາກທາ ຄຸ້ມ3', NULL, NULL, NULL, NULL, 'active', '2025-06-27 13:20:38', '2025-06-27 13:20:38', 14, 49),
(208, 'ວັດຫົງສາວະດີ', 'ປາກທາ ຄຸ້ມ1', '', '', '', NULL, '', 'ວັດຫົງສາວະດີ	ປາກທາ ຄຸ້ມ1', NULL, NULL, NULL, NULL, 'active', '2025-06-27 13:21:03', '2025-06-27 13:21:03', 14, 49),
(209, 'ວັດນາຫົງຣັດຕະນະມຸງຄຸນ', 'ປາກທາ ຄຸ້ມ2', '', '', '', NULL, '', 'ວັດນາຫົງຣັດຕະນະມຸງຄຸນ	ປາກທາ ຄຸ້ມ2', NULL, NULL, NULL, NULL, 'active', '2025-06-27 13:21:25', '2025-06-27 13:21:25', 14, 49),
(210, 'ວັດສຼີດອນແກ້ວ', 'ກ້ອນຕື່ນ', '', '', '', NULL, '', 'ວັດສຼີດອນແກ້ວ	ກ້ອນຕື່ນ', NULL, NULL, NULL, NULL, 'active', '2025-06-27 13:21:46', '2025-06-27 13:21:46', 14, 49),
(211, 'ວັດຜາຄຳໄຊຍະຣາມ', 'ຫ້ວຍຊະງຶກ', '', '', '', NULL, '', 'ວັດຜາຄຳໄຊຍະຣາມ	ຫ້ວຍຊະງຶກ', NULL, NULL, NULL, NULL, 'active', '2025-06-27 13:22:01', '2025-06-27 13:22:01', 14, 49),
(212, 'ວັດດອນສະຫວັນ', 'ດອນສະຫວັນ', '', '', '', NULL, '', 'ວັດດອນສະຫວັນ	ດອນສະຫວັນ', NULL, NULL, NULL, NULL, 'active', '2025-06-27 13:22:20', '2025-06-27 13:22:20', 14, 49),
(215, 'ວັດສະຫວ່າງ ທັມມາວາດ', 'ບ້ານ ສະຫວ່າງ', '', 'info@laotemples.com', 'http://www.laotemples.com', '0000-00-00', '', 'ວັດສະຫວ່າງ ທັມມາວາດ ຈັນທະບູລີ ນະຄອນຫຼວງວຽງຈັນ', NULL, NULL, NULL, NULL, 'active', '2025-06-28 13:35:28', '2025-06-28 13:35:28', 1, 3),
(216, 'ວັດທົ່ງຕູມ ໂພໄຊຍາຣາມ', 'ບ້ານ ທົ່ງຕູມ', '', 'info@laotemples.com', 'http://www.laotemples.com', '0000-00-00', '', 'ວັດທົ່ງຕູມ ໂພໄຊຍາຣາມ ຈັນທະບູລີ ນະຄອນຫຼວງວຽງຈັນ', NULL, NULL, NULL, NULL, 'active', '2025-06-28 13:35:28', '2025-06-28 13:35:28', 1, 3),
(217, 'ວັດທາດຝຸ່ນ', 'ບ້ານ ຫັດສະດີ', '', 'info@laotemples.com', 'http://www.laotemples.com', '0000-00-00', '', 'ວັດທາດຝຸ່ນ ຈັນທະບູລີ ນະຄອນຫຼວງວຽງຈັນ', NULL, NULL, NULL, NULL, 'active', '2025-06-28 13:35:28', '2025-06-28 13:35:28', 1, 3),
(218, 'ວັດສີບຸນເຮືອງ', 'ບ້ານ ສີບຸນເຮືອງ', '', 'info@laotemples.com', 'http://www.laotemples.com', '0000-00-00', '', 'ວັດສີບຸນເຮືອງ ຈັນທະບູລີ ນະຄອນຫຼວງວຽງຈັນ', NULL, NULL, NULL, NULL, 'active', '2025-06-28 13:35:28', '2025-06-28 13:35:28', 1, 3),
(219, 'ວັດໂພນຕ້ອງສະຫວດ', 'ບ້ານໂພນຕ້ອງສະຫວາດ', '', 'info@laotemples.com', 'http://www.laotemples.com', '0000-00-00', '', 'ວັດໂພນຕ້ອງສະຫວດ ຈັນທະບູລີ ນະຄອນຫຼວງວຽງຈັນ', NULL, NULL, NULL, NULL, 'active', '2025-06-28 13:35:28', '2025-06-28 13:35:28', 1, 3),
(220, 'ວັດມີໄຊ', 'ບ້ານ ມີໄຊ', '', 'info@laotemples.com', 'http://www.laotemples.com', '0000-00-00', '', 'ວັດມີໄຊ ຈັນທະບູລີ ນະຄອນຫຼວງວຽງຈັນ', NULL, NULL, NULL, NULL, 'active', '2025-06-28 13:35:28', '2025-06-28 13:35:28', 1, 3),
(221, 'ວັດ ຈັນ', 'ບ້ານ ວັດຈັນ', '', 'info@laotemples.com', 'http://www.laotemples.com', '0000-00-00', '', 'ວັດ ຈັນ ຈັນທະບູລີ ນະຄອນຫຼວງວຽງຈັນ', NULL, NULL, NULL, NULL, 'active', '2025-06-28 13:35:28', '2025-06-28 13:35:28', 1, 3),
(222, 'ວັດສີຄູນວຽງ (ວັດດົງໝ້ຽງ)', 'ບ້ານ ດົງໝ້ຽງ', '', 'info@laotemples.com', 'http://www.laotemples.com', '0000-00-00', '', 'ວັດສີຄູນວຽງ (ວັດດົງໝ້ຽງ)  ຈັນທະບູລີ ນະຄອນຫຼວງວຽງຈັນ', NULL, NULL, NULL, NULL, 'active', '2025-06-28 13:35:28', '2025-06-28 13:35:28', 1, 3),
(223, 'ວັດຈະເລີນໄຊ', 'ບ້ານຫ້ວຍຫົງ', '', 'info@laotemples.com', 'http://www.laotemples.com', '0000-00-00', '', 'ວັດຈະເລີນໄຊ ຈັນທະບູລີ ນະຄອນຫຼວງວຽງຈັນ', NULL, NULL, NULL, NULL, 'active', '2025-06-28 13:35:28', '2025-06-28 13:35:28', 1, 3),
(224, 'ວັດໜອງທາເໜືອ', 'ບ້ານໜອງທາເໜືອ', '', 'info@laotemples.com', 'http://www.laotemples.com', '0000-00-00', '', 'ວັດໜອງທາເໜືອ ຈັນທະບູລີ ນະຄອນຫຼວງວຽງຈັນ', NULL, NULL, NULL, NULL, 'active', '2025-06-28 13:35:28', '2025-06-28 13:35:28', 1, 3),
(225, 'ວັດທົ່ງຂັນຄໍາ', 'ບ້ານທົ່ງຂັນຄໍາ', '', 'info@laotemples.com', 'http://www.laotemples.com', '0000-00-00', '', 'ວັດທົ່ງຂັນຄໍາ ຈັນທະບູລີ ນະຄອນຫຼວງວຽງຈັນ', NULL, NULL, NULL, NULL, 'active', '2025-06-28 13:35:28', '2025-06-28 13:35:28', 1, 3),
(226, 'ວັດຮ່ອງຄ້າ', 'ບ້ານຮ່ອງຄ້າ', '', 'info@laotemples.com', 'http://www.laotemples.com', '0000-00-00', '', 'ວັດຮ່ອງຄ້າ ຈັນທະບູລີ ນະຄອນຫຼວງວຽງຈັນ', NULL, NULL, NULL, NULL, 'active', '2025-06-28 13:35:28', '2025-06-28 13:35:28', 1, 3),
(227, 'ວັດໜອງທາໃຕ້', 'ບ້ານໜອງທາໃຕ້', '', 'info@laotemples.com', 'http://www.laotemples.com', '0000-00-00', '', 'ວັດໜອງທາໃຕ້ ຈັນທະບູລີ ນະຄອນຫຼວງວຽງຈັນ', NULL, NULL, NULL, NULL, 'active', '2025-06-28 13:35:28', '2025-06-28 13:35:28', 1, 3),
(228, 'ວັດຫົວບໍ່', 'ບ້ານໜອງປີງ', '', 'info@laotemples.com', 'http://www.laotemples.com', '0000-00-00', '', 'ວັດຫົວບໍ່ ຈັນທະບູລີ ນະຄອນຫຼວງວຽງຈັນ', NULL, NULL, NULL, NULL, 'active', '2025-06-28 13:35:28', '2025-06-28 13:35:28', 1, 3),
(229, 'ວັດໜອງປີງ', 'ບ້ານໜອງປີງ', '', 'info@laotemples.com', 'http://www.laotemples.com', '0000-00-00', '', 'ວັດໜອງປີງ  ຈັນທະບູລີ ນະຄອນຫຼວງວຽງຈັນ', NULL, NULL, NULL, NULL, 'active', '2025-06-28 13:35:28', '2025-06-28 13:35:28', 1, 3),
(230, 'ວັດຫ້ວຍຫົງ', 'ບ້ານຫ້ວຍຫົງ', '', 'info@laotemples.com', 'http://www.laotemples.com', '0000-00-00', '', 'ວັດຫ້ວຍຫົງ ຈັນທະບູລີ ນະຄອນຫຼວງວຽງຈັນ', NULL, NULL, NULL, NULL, 'active', '2025-06-28 13:35:28', '2025-06-28 13:35:28', 1, 3),
(231, 'ວັດຊຽງຢືນ', 'ບ້ານຊຽງຢືນ', '', 'info@laotemples.com', 'http://www.laotemples.com', '0000-00-00', '', 'ວັດຊຽງຢືນ ຈັນທະບູລີ ນະຄອນຫຼວງວຽງຈັນ', NULL, NULL, NULL, NULL, 'active', '2025-06-28 13:35:28', '2025-06-28 13:35:28', 1, 3),
(232, 'ວັດໂພນສະຫວ່າງ', 'ບ້ານໂພນສະຫວ່າງ', '', 'info@laotemples.com', 'http://www.laotemples.com', '0000-00-00', '', 'ວັດໂພນສະຫວ່າງ ຈັນທະບູລີ ນະຄອນຫຼວງວຽງຈັນ', NULL, NULL, NULL, NULL, 'active', '2025-06-28 13:35:28', '2025-06-28 13:35:28', 1, 3),
(233, 'ວັດດົງປ່າແຫຼບ', 'ບ້ານດົງປ່າແຫຼບ', '', 'info@laotemples.com', 'http://www.laotemples.com', '0000-00-00', '', 'ວັດດົງປ່າແຫຼບ ຈັນທະບູລີ ນະຄອນຫຼວງວຽງຈັນ', NULL, NULL, NULL, NULL, 'active', '2025-06-28 13:35:28', '2025-06-28 13:35:28', 1, 3),
(234, 'ວັດສີສະຫວາດ', 'ບ້ານສີສະຫວາດ', '', 'info@laotemples.com', 'http://www.laotemples.com', '0000-00-00', '', 'ວັດສີສະຫວາດ ຈັນທະບູລີ ນະຄອນຫຼວງວຽງຈັນ', NULL, NULL, NULL, NULL, 'active', '2025-06-28 13:35:28', '2025-06-28 13:35:28', 1, 3),
(235, 'ວັດສີສະເກດ', 'ບ້ານຊຽງຢືນ', '', 'info@laotemples.com', 'http://www.laotemples.com', '0000-00-00', '', 'ວັດສີສະເກດ ຈັນທະບູລີ ນະຄອນຫຼວງວຽງຈັນ', NULL, NULL, NULL, NULL, 'active', '2025-06-28 13:35:28', '2025-06-28 13:35:28', 1, 3),
(236, 'ວັດຫາຍໂສກ', 'ບ້ານຫາຍໂສກ', '', 'info@laotemples.com', 'http://www.laotemples.com', '0000-00-00', '', 'ວັດຫາຍໂສກ ຈັນທະບູລີ ນະຄອນຫຼວງວຽງຈັນ', NULL, NULL, NULL, NULL, 'active', '2025-06-28 13:35:28', '2025-06-28 13:35:28', 1, 3),
(237, 'ວັດປ່າຍາງ', 'ບ້ານບໍ່ນາງົວ', '', 'info@laotemples.com', 'http://www.laotemples.com', '0000-00-00', '', 'ວັດປ່າຍາງ ຈັນທະບູລີ ນະຄອນຫຼວງວຽງຈັນ', NULL, NULL, NULL, NULL, 'active', '2025-06-28 13:35:28', '2025-06-28 13:35:28', 1, 3),
(238, 'ວັດທົ່ງສ້າງນາງ', 'ບ້ານທົ່ງສ້າງນາງ', '', 'info@laotemples.com', 'http://www.laotemples.com', '0000-00-00', '', 'ວັດທົ່ງສ້າງນາງ ຈັນທະບູລີ ນະຄອນຫຼວງວຽງຈັນ', NULL, NULL, NULL, NULL, 'active', '2025-06-28 13:35:28', '2025-06-28 13:35:28', 1, 3),
(239, 'ວັດອິນແປງ', 'ບ້ານວັດຈັນ', '', 'info@laotemples.com', 'http://www.laotemples.com', '0000-00-00', '', 'ວັດອິນແປງ ຈັນທະບູລີ ນະຄອນຫຼວງວຽງຈັນ', NULL, NULL, NULL, NULL, 'active', '2025-06-28 13:35:28', '2025-06-28 13:35:28', 1, 3),
(240, 'ວັດຂົວຫຼວງ', 'ບ້ານຂົວຫຼວງ', '', 'info@laotemples.com', 'http://www.laotemples.com', '0000-00-00', '', 'ວັດຂົວຫຼວງ ຈັນທະບູລີ ນະຄອນຫຼວງວຽງຈັນ', NULL, NULL, NULL, NULL, 'active', '2025-06-28 13:35:28', '2025-06-28 13:35:28', 1, 3),
(241, 'ວັດຮ່ອງໄກ່ແກ້ວ', 'ບ້ານຮ່ອງໄກ່ແກ້ວ', '', 'info@laotemples.com', 'http://www.laotemples.com', '0000-00-00', '', 'ວັດຮ່ອງໄກ່ແກ້ວ ຈັນທະບູລີ ນະຄອນຫຼວງວຽງຈັນ', NULL, NULL, NULL, NULL, 'active', '2025-06-28 13:35:28', '2025-06-28 13:35:28', 1, 3),
(242, 'ວັດສີດໍາດວນ', 'ບ້ານສີດໍາດວນ', '', 'info@laotemples.com', 'http://www.laotemples.com', '0000-00-00', '', 'ວັດສີດໍາດວນ ຈັນທະບູລີ ນະຄອນຫຼວງວຽງຈັນ', NULL, NULL, NULL, NULL, 'active', '2025-06-28 13:35:28', '2025-06-28 13:35:28', 1, 3),
(243, 'ວັດດອນແດງ', 'ບ້ານດອນແດງ', '', 'info@laotemples.com', 'http://www.laotemples.com', '0000-00-00', '', 'ວັດດອນແດງ ຈັນທະບູລີ ນະຄອນຫຼວງວຽງຈັນ', NULL, NULL, NULL, NULL, 'active', '2025-06-28 13:35:28', '2025-06-28 13:35:28', 1, 3),
(244, 'ວັດອົງຕື້ ມະຫາວິຫານ', 'ບ້ານວັດຈັນ', '', 'info@laotemples.com', 'http://www.laotemples.com', '0000-00-00', '', 'ວັດອົງຕື້ ຈັນທະບູລີ ມະຫາວິຫານ ນະຄອນຫຼວງວຽງຈັນ', NULL, NULL, NULL, NULL, 'active', '2025-06-28 13:35:28', '2025-06-28 13:35:28', 1, 3),
(245, 'ວັດໂພນຕ້ອງຈອມມະນີ', 'ບ້ານໂພນຕ້ອງຈອມມະນີ', '', 'info@laotemples.com', 'http://www.laotemples.com', '0000-00-00', '', 'ວັດໂພນຕ້ອງຈອມມະນີ ຈັນທະບູລີ ນະຄອນຫຼວງວຽງຈັນ', NULL, NULL, NULL, NULL, 'active', '2025-06-28 13:35:28', '2025-06-28 13:35:28', 1, 3),
(246, 'ວັດບາງລອງ (ວັດຫວຽດ)', 'ບ້ານສີຫອມ', '', 'info@laotemples.com', 'http://www.laotemples.com', '0000-00-00', '', 'ວັດບາງລອງ (ວັດຫວຽດ) ຈັນທະບູລີ ນະຄອນຫຼວງວຽງຈັນ', NULL, NULL, NULL, NULL, 'active', '2025-06-28 13:35:28', '2025-06-28 13:35:28', 1, 3),
(247, 'ວັດສະຫວ່າງ ທັມມາວາດ', 'ບ້ານ ສະຫວ່າງ', '', 'info@laotemples.com', 'http://www.laotemples.com', '0000-00-00', '', 'ວັດສະຫວ່າງ ທັມມາວາດ ຈັນທະບູລີ ນະຄອນຫຼວງວຽງຈັນ', NULL, NULL, NULL, NULL, 'active', '2025-06-28 15:05:29', '2025-06-28 15:05:29', 1, 3);
INSERT INTO `temples` (`id`, `name`, `address`, `phone`, `email`, `website`, `founding_date`, `abbot_name`, `description`, `photo`, `logo`, `latitude`, `longitude`, `status`, `created_at`, `updated_at`, `province_id`, `district_id`) VALUES
(248, 'ວັດທົ່ງຕູມ ໂພໄຊຍາຣາມ', 'ບ້ານ ທົ່ງຕູມ', '', 'info@laotemples.com', 'http://www.laotemples.com', '0000-00-00', '', 'ວັດທົ່ງຕູມ ໂພໄຊຍາຣາມ ຈັນທະບູລີ ນະຄອນຫຼວງວຽງຈັນ', NULL, NULL, NULL, NULL, 'active', '2025-06-28 15:05:29', '2025-06-28 15:05:29', 1, 3),
(249, 'ວັດທາດຝຸ່ນ', 'ບ້ານ ຫັດສະດີ', '', 'info@laotemples.com', 'http://www.laotemples.com', '0000-00-00', '', 'ວັດທາດຝຸ່ນ ຈັນທະບູລີ ນະຄອນຫຼວງວຽງຈັນ', NULL, NULL, NULL, NULL, 'active', '2025-06-28 15:05:29', '2025-06-28 15:05:29', 1, 3),
(250, 'ວັດສີບຸນເຮືອງ', 'ບ້ານ ສີບຸນເຮືອງ', '', 'info@laotemples.com', 'http://www.laotemples.com', '0000-00-00', '', 'ວັດສີບຸນເຮືອງ ຈັນທະບູລີ ນະຄອນຫຼວງວຽງຈັນ', NULL, NULL, NULL, NULL, 'active', '2025-06-28 15:05:29', '2025-06-28 15:05:29', 1, 3),
(251, 'ວັດໂພນຕ້ອງສະຫວດ', 'ບ້ານໂພນຕ້ອງສະຫວາດ', '', 'info@laotemples.com', 'http://www.laotemples.com', '0000-00-00', '', 'ວັດໂພນຕ້ອງສະຫວດ ຈັນທະບູລີ ນະຄອນຫຼວງວຽງຈັນ', NULL, NULL, NULL, NULL, 'active', '2025-06-28 15:05:29', '2025-06-28 15:05:29', 1, 3),
(252, 'ວັດມີໄຊ', 'ບ້ານ ມີໄຊ', '', 'info@laotemples.com', 'http://www.laotemples.com', '0000-00-00', '', 'ວັດມີໄຊ ຈັນທະບູລີ ນະຄອນຫຼວງວຽງຈັນ', NULL, NULL, NULL, NULL, 'active', '2025-06-28 15:05:29', '2025-06-28 15:05:29', 1, 3),
(253, 'ວັດ ຈັນ', 'ບ້ານ ວັດຈັນ', '', 'info@laotemples.com', 'http://www.laotemples.com', '0000-00-00', '', 'ວັດ ຈັນ ຈັນທະບູລີ ນະຄອນຫຼວງວຽງຈັນ', NULL, NULL, NULL, NULL, 'active', '2025-06-28 15:05:29', '2025-06-28 15:05:29', 1, 3),
(254, 'ວັດສີຄູນວຽງ (ວັດດົງໝ້ຽງ)', 'ບ້ານ ດົງໝ້ຽງ', '', 'info@laotemples.com', 'http://www.laotemples.com', '0000-00-00', '', 'ວັດສີຄູນວຽງ (ວັດດົງໝ້ຽງ)  ຈັນທະບູລີ ນະຄອນຫຼວງວຽງຈັນ', NULL, NULL, NULL, NULL, 'active', '2025-06-28 15:05:29', '2025-06-28 15:05:29', 1, 3),
(255, 'ວັດຈະເລີນໄຊ', 'ບ້ານຫ້ວຍຫົງ', '', 'info@laotemples.com', 'http://www.laotemples.com', '0000-00-00', '', 'ວັດຈະເລີນໄຊ ຈັນທະບູລີ ນະຄອນຫຼວງວຽງຈັນ', NULL, NULL, NULL, NULL, 'active', '2025-06-28 15:05:29', '2025-06-28 15:05:29', 1, 3),
(256, 'ວັດໜອງທາເໜືອ', 'ບ້ານໜອງທາເໜືອ', '', 'info@laotemples.com', 'http://www.laotemples.com', '0000-00-00', '', 'ວັດໜອງທາເໜືອ ຈັນທະບູລີ ນະຄອນຫຼວງວຽງຈັນ', NULL, NULL, NULL, NULL, 'active', '2025-06-28 15:05:29', '2025-06-28 15:05:29', 1, 3),
(257, 'ວັດທົ່ງຂັນຄໍາ', 'ບ້ານທົ່ງຂັນຄໍາ', '', 'info@laotemples.com', 'http://www.laotemples.com', '0000-00-00', '', 'ວັດທົ່ງຂັນຄໍາ ຈັນທະບູລີ ນະຄອນຫຼວງວຽງຈັນ', NULL, NULL, NULL, NULL, 'active', '2025-06-28 15:05:29', '2025-06-28 15:05:29', 1, 3),
(258, 'ວັດຮ່ອງຄ້າ', 'ບ້ານຮ່ອງຄ້າ', '', 'info@laotemples.com', 'http://www.laotemples.com', '0000-00-00', '', 'ວັດຮ່ອງຄ້າ ຈັນທະບູລີ ນະຄອນຫຼວງວຽງຈັນ', NULL, NULL, NULL, NULL, 'active', '2025-06-28 15:05:29', '2025-06-28 15:05:29', 1, 3),
(259, 'ວັດໜອງທາໃຕ້', 'ບ້ານໜອງທາໃຕ້', '', 'info@laotemples.com', 'http://www.laotemples.com', '0000-00-00', '', 'ວັດໜອງທາໃຕ້ ຈັນທະບູລີ ນະຄອນຫຼວງວຽງຈັນ', NULL, NULL, NULL, NULL, 'active', '2025-06-28 15:05:29', '2025-06-28 15:05:29', 1, 3),
(260, 'ວັດຫົວບໍ່', 'ບ້ານໜອງປີງ', '', 'info@laotemples.com', 'http://www.laotemples.com', '0000-00-00', '', 'ວັດຫົວບໍ່ ຈັນທະບູລີ ນະຄອນຫຼວງວຽງຈັນ', NULL, NULL, NULL, NULL, 'active', '2025-06-28 15:05:29', '2025-06-28 15:05:29', 1, 3),
(261, 'ວັດໜອງປີງ', 'ບ້ານໜອງປີງ', '', 'info@laotemples.com', 'http://www.laotemples.com', '0000-00-00', '', 'ວັດໜອງປີງ  ຈັນທະບູລີ ນະຄອນຫຼວງວຽງຈັນ', NULL, NULL, NULL, NULL, 'active', '2025-06-28 15:05:29', '2025-06-28 15:05:29', 1, 3),
(262, 'ວັດຫ້ວຍຫົງ', 'ບ້ານຫ້ວຍຫົງ', '', 'info@laotemples.com', 'http://www.laotemples.com', '0000-00-00', '', 'ວັດຫ້ວຍຫົງ ຈັນທະບູລີ ນະຄອນຫຼວງວຽງຈັນ', NULL, NULL, NULL, NULL, 'active', '2025-06-28 15:05:29', '2025-06-28 15:05:29', 1, 3),
(263, 'ວັດຊຽງຢືນ', 'ບ້ານຊຽງຢືນ', '', 'info@laotemples.com', 'http://www.laotemples.com', '0000-00-00', '', 'ວັດຊຽງຢືນ ຈັນທະບູລີ ນະຄອນຫຼວງວຽງຈັນ', NULL, NULL, NULL, NULL, 'active', '2025-06-28 15:05:29', '2025-06-28 15:05:29', 1, 3),
(264, 'ວັດໂພນສະຫວ່າງ', 'ບ້ານໂພນສະຫວ່າງ', '', 'info@laotemples.com', 'http://www.laotemples.com', '0000-00-00', '', 'ວັດໂພນສະຫວ່າງ ຈັນທະບູລີ ນະຄອນຫຼວງວຽງຈັນ', NULL, NULL, NULL, NULL, 'active', '2025-06-28 15:05:29', '2025-06-28 15:05:29', 1, 3),
(265, 'ວັດດົງປ່າແຫຼບ', 'ບ້ານດົງປ່າແຫຼບ', '', 'info@laotemples.com', 'http://www.laotemples.com', '0000-00-00', '', 'ວັດດົງປ່າແຫຼບ ຈັນທະບູລີ ນະຄອນຫຼວງວຽງຈັນ', NULL, NULL, NULL, NULL, 'active', '2025-06-28 15:05:29', '2025-06-28 15:05:29', 1, 3),
(266, 'ວັດສີສະຫວາດ', 'ບ້ານສີສະຫວາດ', '', 'info@laotemples.com', 'http://www.laotemples.com', '0000-00-00', '', 'ວັດສີສະຫວາດ ຈັນທະບູລີ ນະຄອນຫຼວງວຽງຈັນ', NULL, NULL, NULL, NULL, 'active', '2025-06-28 15:05:29', '2025-06-28 15:05:29', 1, 3),
(267, 'ວັດສີສະເກດ', 'ບ້ານຊຽງຢືນ', '', 'info@laotemples.com', 'http://www.laotemples.com', '0000-00-00', '', 'ວັດສີສະເກດ ຈັນທະບູລີ ນະຄອນຫຼວງວຽງຈັນ', NULL, NULL, NULL, NULL, 'active', '2025-06-28 15:05:29', '2025-06-28 15:05:29', 1, 3),
(268, 'ວັດຫາຍໂສກ', 'ບ້ານຫາຍໂສກ', '', 'info@laotemples.com', 'http://www.laotemples.com', '0000-00-00', '', 'ວັດຫາຍໂສກ ຈັນທະບູລີ ນະຄອນຫຼວງວຽງຈັນ', NULL, NULL, NULL, NULL, 'active', '2025-06-28 15:05:29', '2025-06-28 15:05:29', 1, 3),
(269, 'ວັດປ່າຍາງ', 'ບ້ານບໍ່ນາງົວ', '', 'info@laotemples.com', 'http://www.laotemples.com', '0000-00-00', '', 'ວັດປ່າຍາງ ຈັນທະບູລີ ນະຄອນຫຼວງວຽງຈັນ', NULL, NULL, NULL, NULL, 'active', '2025-06-28 15:05:29', '2025-06-28 15:05:29', 1, 3),
(270, 'ວັດທົ່ງສ້າງນາງ', 'ບ້ານທົ່ງສ້າງນາງ', '', 'info@laotemples.com', 'http://www.laotemples.com', '0000-00-00', '', 'ວັດທົ່ງສ້າງນາງ ຈັນທະບູລີ ນະຄອນຫຼວງວຽງຈັນ', NULL, NULL, NULL, NULL, 'active', '2025-06-28 15:05:29', '2025-06-28 15:05:29', 1, 3),
(271, 'ວັດອິນແປງ', 'ບ້ານວັດຈັນ', '', 'info@laotemples.com', 'http://www.laotemples.com', '0000-00-00', '', 'ວັດອິນແປງ ຈັນທະບູລີ ນະຄອນຫຼວງວຽງຈັນ', NULL, NULL, NULL, NULL, 'active', '2025-06-28 15:05:29', '2025-06-28 15:05:29', 1, 3),
(272, 'ວັດຂົວຫຼວງ', 'ບ້ານຂົວຫຼວງ', '', 'info@laotemples.com', 'http://www.laotemples.com', '0000-00-00', '', 'ວັດຂົວຫຼວງ ຈັນທະບູລີ ນະຄອນຫຼວງວຽງຈັນ', NULL, NULL, NULL, NULL, 'active', '2025-06-28 15:05:29', '2025-06-28 15:05:29', 1, 3),
(273, 'ວັດຮ່ອງໄກ່ແກ້ວ', 'ບ້ານຮ່ອງໄກ່ແກ້ວ', '', 'info@laotemples.com', 'http://www.laotemples.com', '0000-00-00', '', 'ວັດຮ່ອງໄກ່ແກ້ວ ຈັນທະບູລີ ນະຄອນຫຼວງວຽງຈັນ', NULL, NULL, NULL, NULL, 'active', '2025-06-28 15:05:29', '2025-06-28 15:05:29', 1, 3),
(274, 'ວັດສີດໍາດວນ', 'ບ້ານສີດໍາດວນ', '', 'info@laotemples.com', 'http://www.laotemples.com', '0000-00-00', '', 'ວັດສີດໍາດວນ ຈັນທະບູລີ ນະຄອນຫຼວງວຽງຈັນ', NULL, NULL, NULL, NULL, 'active', '2025-06-28 15:05:29', '2025-06-28 15:05:29', 1, 3),
(275, 'ວັດດອນແດງ', 'ບ້ານດອນແດງ', '', 'info@laotemples.com', 'http://www.laotemples.com', '0000-00-00', '', 'ວັດດອນແດງ ຈັນທະບູລີ ນະຄອນຫຼວງວຽງຈັນ', NULL, NULL, NULL, NULL, 'active', '2025-06-28 15:05:29', '2025-06-28 15:05:29', 1, 3),
(276, 'ວັດອົງຕື້ ມະຫາວິຫານ', 'ບ້ານວັດຈັນ', '', 'info@laotemples.com', 'http://www.laotemples.com', '0000-00-00', '', 'ວັດອົງຕື້ ຈັນທະບູລີ ມະຫາວິຫານ ນະຄອນຫຼວງວຽງຈັນ', NULL, NULL, NULL, NULL, 'active', '2025-06-28 15:05:29', '2025-06-28 15:05:29', 1, 3),
(277, 'ວັດໂພນຕ້ອງຈອມມະນີ', 'ບ້ານໂພນຕ້ອງຈອມມະນີ', '', 'info@laotemples.com', 'http://www.laotemples.com', '0000-00-00', '', 'ວັດໂພນຕ້ອງຈອມມະນີ ຈັນທະບູລີ ນະຄອນຫຼວງວຽງຈັນ', NULL, NULL, NULL, NULL, 'active', '2025-06-28 15:05:29', '2025-06-28 15:05:29', 1, 3),
(278, 'ວັດບາງລອງ (ວັດຫວຽດ)', 'ບ້ານສີຫອມ', '', 'info@laotemples.com', 'http://www.laotemples.com', '0000-00-00', '', 'ວັດບາງລອງ (ວັດຫວຽດ) ຈັນທະບູລີ ນະຄອນຫຼວງວຽງຈັນ', NULL, NULL, NULL, NULL, 'active', '2025-06-28 15:05:29', '2025-06-28 15:05:29', 1, 3),
(279, 'ວັດເພຍວັດ', 'ເພຍວັດ', '', 'info@laotemples.com', 'http://www.laotemples.com', '0000-00-00', '', 'ວັດເພຍວັດ ສີສັດຕະນາກ ນະຄອນຫຼວງວຽງຈັນ', NULL, NULL, NULL, NULL, 'active', '2025-06-28 15:05:37', '2025-06-28 15:05:37', 1, 149),
(280, 'ວັດເກົ້າຍອດ', 'ເກົ້າຍອດ', '', 'info@laotemples.com', 'http://www.laotemples.com', '0000-00-00', '', 'ວັດເກົ້າຍອດ ສີສັດຕະນາກ ນະຄອນຫຼວງວຽງຈັນ', NULL, NULL, NULL, NULL, 'active', '2025-06-28 15:05:37', '2025-06-28 15:05:37', 1, 149),
(281, 'ວັດສີເມືອງ', 'ສີເມືອງ', '', 'info@laotemples.com', 'http://www.laotemples.com', '0000-00-00', '', 'ວັດສີເມືອງ ສີສັດຕະນາກ ນະຄອນຫຼວງວຽງຈັນ', NULL, NULL, NULL, NULL, 'active', '2025-06-28 15:05:37', '2025-06-28 15:05:37', 1, 149),
(282, 'ວັດຈັນທະປ່າລານ', 'ຈັນທະປ່າລານ', '', 'info@laotemples.com', 'http://www.laotemples.com', '0000-00-00', '', 'ວັດຈັນທະປ່າລານ ສີສັດຕະນາກ ນະຄອນຫຼວງວຽງຈັນ', NULL, NULL, NULL, NULL, 'active', '2025-06-28 15:05:37', '2025-06-28 15:05:37', 1, 149),
(283, 'ວັດໂພນສີນວນ', 'ໂພນສີນວນ', '', 'info@laotemples.com', 'http://www.laotemples.com', '0000-00-00', '', 'ວັດໂພນສີນວນ ສີສັດຕະນາກ ນະຄອນຫຼວງວຽງຈັນ', NULL, NULL, NULL, NULL, 'active', '2025-06-28 15:05:37', '2025-06-28 15:05:37', 1, 149),
(284, 'ວັດສະພານທອງເໜືອ', 'ສະພານທອງເໜືອ', '', 'info@laotemples.com', 'http://www.laotemples.com', '0000-00-00', '', 'ວັດສະພານທອງເໜືອ ສີສັດຕະນາກ ນະຄອນຫຼວງວຽງຈັນ', NULL, NULL, NULL, NULL, 'active', '2025-06-28 15:05:37', '2025-06-28 15:05:37', 1, 149),
(285, 'ວັດທາດຂາວ', 'ທາດຂາວ', '', 'info@laotemples.com', 'http://www.laotemples.com', '0000-00-00', '', 'ວັດທາດຂາວ ສີສັດຕະນາກ ນະຄອນຫຼວງວຽງຈັນ', NULL, NULL, NULL, NULL, 'active', '2025-06-28 15:05:37', '2025-06-28 15:05:37', 1, 149),
(286, 'ວັດພະໄຊ', 'ພະໄຊ', '', 'info@laotemples.com', 'http://www.laotemples.com', '0000-00-00', '', 'ວັດພະໄຊ ສີສັດຕະນາກ ນະຄອນຫຼວງວຽງຈັນ', NULL, NULL, NULL, NULL, 'active', '2025-06-28 15:05:37', '2025-06-28 15:05:37', 1, 149),
(287, 'ວັດພະໂພ', 'ພະໂພ', '', 'info@laotemples.com', 'http://www.laotemples.com', '0000-00-00', '', 'ວັດພະໂພ ສີສັດຕະນາກ ນະຄອນຫຼວງວຽງຈັນ', NULL, NULL, NULL, NULL, 'active', '2025-06-28 15:05:37', '2025-06-28 15:05:37', 1, 149),
(288, 'ວັດບຶງຂະຫຍອງ', 'ບຶງຂະຫຍອງ', '', 'info@laotemples.com', 'http://www.laotemples.com', '0000-00-00', '', 'ວັດບຶງຂະຫຍອງ ສີສັດຕະນາກ ນະຄອນຫຼວງວຽງຈັນ', NULL, NULL, NULL, NULL, 'active', '2025-06-28 15:05:37', '2025-06-28 15:05:37', 1, 149),
(289, 'ວັດໂສກປ່າຫຼວງ', 'ໂສກປ່າຫຼວງ', '', 'info@laotemples.com', 'http://www.laotemples.com', '0000-00-00', '', 'ວັດໂສກປ່າຫຼວງ ສີສັດຕະນາກ ນະຄອນຫຼວງວຽງຈັນ', NULL, NULL, NULL, NULL, 'active', '2025-06-28 15:05:37', '2025-06-28 15:05:37', 1, 149),
(290, 'ວັດໂພນສະຫວັນ', 'ໂພນສະຫວັນ', '', 'info@laotemples.com', 'http://www.laotemples.com', '0000-00-00', '', 'ວັດໂພນສະຫວັນ ສີສັດຕະນາກ ນະຄອນຫຼວງວຽງຈັນ', NULL, NULL, NULL, NULL, 'active', '2025-06-28 15:05:37', '2025-06-28 15:05:37', 1, 149),
(291, 'ວັດສະພານທອງໃຕ້', 'ສະພານທອງໃຕ້', '', 'info@laotemples.com', 'http://www.laotemples.com', '0000-00-00', '', 'ວັດສະພານທອງໃຕ້ ສີສັດຕະນາກ ນະຄອນຫຼວງວຽງຈັນ', NULL, NULL, NULL, NULL, 'active', '2025-06-28 15:05:37', '2025-06-28 15:05:37', 1, 149),
(292, 'ວັດນາກໃຫຍ່', 'ນາກໃຫຍ່', '', 'info@laotemples.com', 'http://www.laotemples.com', '0000-00-00', '', 'ວັດນາກໃຫຍ່ ສີສັດຕະນາກ ນະຄອນຫຼວງວຽງຈັນ', NULL, NULL, NULL, NULL, 'active', '2025-06-28 15:05:37', '2025-06-28 15:05:37', 1, 149),
(293, 'ວັດນາກນ້ອຍ', 'ນາກນ້ອຍ', '', 'info@laotemples.com', 'http://www.laotemples.com', '0000-00-00', '', 'ວັດນາກນ້ອຍ ສີສັດຕະນາກ ນະຄອນຫຼວງວຽງຈັນ', NULL, NULL, NULL, NULL, 'active', '2025-06-28 15:05:37', '2025-06-28 15:05:37', 1, 149),
(294, 'ວັດອຳມອນ', 'ອຳມອນ', '', 'info@laotemples.com', 'http://www.laotemples.com', '0000-00-00', '', 'ວັດອຳມອນ ສີສັດຕະນາກ ນະຄອນຫຼວງວຽງຈັນ', NULL, NULL, NULL, NULL, 'active', '2025-06-28 15:05:37', '2025-06-28 15:05:37', 1, 149),
(295, 'ວັນສີອຳພອນ', 'ສີອຳພອນ', '', 'info@laotemples.com', 'http://www.laotemples.com', '0000-00-00', '', 'ວັນສີອຳພອນ ສີສັດຕະນາກ ນະຄອນຫຼວງວຽງຈັນ', NULL, NULL, NULL, NULL, 'active', '2025-06-28 15:05:37', '2025-06-28 15:05:37', 1, 149),
(296, 'ວັດໂພນປ່າເປົ້າ', 'ໂພນປ່າເປົ້າ', '', 'info@laotemples.com', 'http://www.laotemples.com', '0000-00-00', '', 'ວັດໂພນປ່າເປົ້າ ສີສັດຕະນາກ ນະຄອນຫຼວງວຽງຈັນ', NULL, NULL, NULL, NULL, 'active', '2025-06-28 15:05:37', '2025-06-28 15:05:37', 1, 149),
(297, 'ວັດດອນນົກຂຸ້ມ', 'ດອນນົກຂຸ້ມ', '', 'info@laotemples.com', 'http://www.laotemples.com', '0000-00-00', '', 'ວັດດອນນົກຂຸ້ມ ສີສັດຕະນາກ ນະຄອນຫຼວງວຽງຈັນ', NULL, NULL, NULL, NULL, 'active', '2025-06-28 15:05:37', '2025-06-28 15:05:37', 1, 149),
(298, 'ວັດໂພນແກ້ວ (ດອນກອຍ)', 'ໂພນແກ້ວ (ດອນກອຍ)', '', 'info@laotemples.com', 'http://www.laotemples.com', '0000-00-00', '', 'ວັດໂພນແກ້ວ (ດອນກອຍ) ສີສັດຕະນາກ ນະຄອນຫຼວງວຽງຈັນ', NULL, NULL, NULL, NULL, 'active', '2025-06-28 15:05:37', '2025-06-28 15:05:37', 1, 149),
(299, 'ວັດທົ່ງກາງ', 'ທົ່ງກາງ', '', 'info@laotemples.com', 'http://www.laotemples.com', '0000-00-00', '', 'ວັດທົ່ງກາງ ສີສັດຕະນາກ ນະຄອນຫຼວງວຽງຈັນ', NULL, NULL, NULL, NULL, 'active', '2025-06-28 15:05:37', '2025-06-28 15:05:37', 1, 149),
(300, 'ວັດສົບສີວິໄລ', 'ສົບສີວິໄລ', '', 'info@laotemples.com', 'http://www.laotemples.com', '0000-00-00', '', 'ວັດສົບສີວິໄລ ສີສັດຕະນາກ ນະຄອນຫຼວງວຽງຈັນ', NULL, NULL, NULL, NULL, 'active', '2025-06-28 15:05:37', '2025-06-28 15:05:37', 1, 149),
(301, 'ວັດພັນໝັ້ນ', 'ພັນໝັ້ນ', '', 'info@laotemples.com', 'http://www.laotemples.com', '0000-00-00', '', 'ວັດພັນໝັ້ນ ສີສັດຕະນາກ ນະຄອນຫຼວງວຽງຈັນ', NULL, NULL, NULL, NULL, 'active', '2025-06-28 15:05:37', '2025-06-28 15:05:37', 1, 149),
(302, 'ວັດໂພໄຊ', 'ໂພໄຊ', '', 'info@laotemples.com', 'http://www.laotemples.com', '0000-00-00', '', 'ວັດໂພໄຊ ສີສັດຕະນາກ ນະຄອນຫຼວງວຽງຈັນ', NULL, NULL, NULL, NULL, 'active', '2025-06-28 15:05:37', '2025-06-28 15:05:37', 1, 149),
(303, 'ວັດຈອມທອງ', 'ຈອມທອງ', '', 'info@laotemples.com', 'http://www.laotemples.com', '0000-00-00', '', 'ວັດຈອມທອງ ສີສັດຕະນາກ ນະຄອນຫຼວງວຽງຈັນ', NULL, NULL, NULL, NULL, 'active', '2025-06-28 15:05:37', '2025-06-28 15:05:37', 1, 149),
(304, 'ວັດສ້າງເຫວີຍ', 'ສ້າງເຫວີຍ', '', 'info@laotemples.com', 'http://www.laotemples.com', '0000-00-00', '', 'ວັດສ້າງເຫວີຍ ສີສັດຕະນາກ ນະຄອນຫຼວງວຽງຈັນ', NULL, NULL, NULL, NULL, 'active', '2025-06-28 15:05:37', '2025-06-28 15:05:37', 1, 149),
(305, 'ວັດດົງສະຫວາດ', 'ດົງສະຫວາດ', '', 'info@laotemples.com', 'http://www.laotemples.com', '0000-00-00', '', 'ວັດດົງສະຫວາດ ສີສັດຕະນາກ ນະຄອນຫຼວງວຽງຈັນ', NULL, NULL, NULL, NULL, 'active', '2025-06-28 15:05:37', '2025-06-28 15:05:37', 1, 149),
(306, 'ວັດທົ່ງຕ້ອນ', 'ທົ່ງຕ້ອນ', '', 'info@laotemples.com', 'http://www.laotemples.com', '0000-00-00', '', 'ວັດທົ່ງຕ້ອນ ສີສັດຕະນາກ ນະຄອນຫຼວງວຽງຈັນ', NULL, NULL, NULL, NULL, 'active', '2025-06-28 15:05:37', '2025-06-28 15:05:37', 1, 149),
(307, 'ວັດຈອມແຈ້ງ', 'ຈອມແຈ້ງ', '', 'info@laotemples.com', 'http://www.laotemples.com', '0000-00-00', '', 'ວັດຈອມແຈ້ງ ສີສັດຕະນາກ ນະຄອນຫຼວງວຽງຈັນ', NULL, NULL, NULL, NULL, 'active', '2025-06-28 15:05:37', '2025-06-28 15:05:37', 1, 149),
(308, 'ວັດຫາຍໂສກ', 'ຫາຍໂສກ', '', 'info@laotemples.com', 'http://www.laotemples.com', '0000-00-00', '', 'ວັດຫາຍໂສກ ສີສັດຕະນາກ ນະຄອນຫຼວງວຽງຈັນ', NULL, NULL, NULL, NULL, 'active', '2025-06-28 15:05:37', '2025-06-28 15:05:37', 1, 149),
(309, 'ວັດໂຄກນິນ', 'ໂຄກນິນ', '', 'info@laotemples.com', 'http://www.laotemples.com', '0000-00-00', '', 'ວັດໂຄກນິນ ສີສັດຕະນາກ ນະຄອນຫຼວງວຽງຈັນ', NULL, NULL, NULL, NULL, 'active', '2025-06-28 15:05:37', '2025-06-28 15:05:37', 1, 149),
(310, 'ວັດໄຊສະຖານ', 'ໄຊສະຖານ', '', 'info@laotemples.com', 'http://www.laotemples.com', '0000-00-00', '', 'ວັດໄຊສະຖານ ສີສັດຕະນາກ ນະຄອນຫຼວງວຽງຈັນ', NULL, NULL, NULL, NULL, 'active', '2025-06-28 15:05:37', '2025-06-28 15:05:37', 1, 149),
(311, 'ວັດໂພນສະຫວ່າງ', 'ໂພນສະຫວ່າງ', '', 'info@laotemples.com', 'http://www.laotemples.com', '0000-00-00', '', 'ວັດໂພນສະຫວ່າງ ສີສັດຕະນາກ ນະຄອນຫຼວງວຽງຈັນ', NULL, NULL, NULL, NULL, 'active', '2025-06-28 15:05:37', '2025-06-28 15:05:37', 1, 149),
(312, 'ວັດຈອມເພັດ', 'ຈອມເພັດ', '', 'info@laotemples.com', 'http://www.laotemples.com', '0000-00-00', '', 'ວັດຈອມເພັດ ສີສັດຕະນາກ ນະຄອນຫຼວງວຽງຈັນ', NULL, NULL, NULL, NULL, 'active', '2025-06-28 15:05:37', '2025-06-28 15:05:37', 1, 149),
(313, 'ວັດໂພນສະອາດ', 'ບ້ານ ໂພນສະອາດ', '', 'info@laotemples.com', 'http://www.laotemples.com', '0000-00-00', '', '', NULL, NULL, NULL, NULL, 'active', '2025-06-28 15:05:46', '2025-06-28 15:05:46', 1, 150),
(314, 'ວັດໜອງສ້າງທໍ່', 'ບ້ານ ໜອງສ້າງທໍ່', '', 'info@laotemples.com', 'http://www.laotemples.com', '0000-00-00', '', '', NULL, NULL, NULL, NULL, 'active', '2025-06-28 15:05:46', '2025-06-28 15:05:46', 1, 150),
(315, 'ວັດໂພງເຄັງ ໄຊຍະຣາມ', 'ບ້ານ ໂພນເຄັງ', '', 'info@laotemples.com', 'http://www.laotemples.com', '0000-00-00', '', '', NULL, NULL, NULL, NULL, 'active', '2025-06-28 15:05:46', '2025-06-28 15:05:46', 1, 150),
(316, 'ວັດໂພນພະເນົາ', 'ບ້ານ ໂພນພະເນົາ', '', 'info@laotemples.com', 'http://www.laotemples.com', '0000-00-00', '', '', NULL, NULL, NULL, NULL, 'active', '2025-06-28 15:05:46', '2025-06-28 15:05:46', 1, 150),
(317, 'ວັດຈອມມະນີ', 'ບ້ານ ຈອມມະນີ', '', 'info@laotemples.com', 'http://www.laotemples.com', '0000-00-00', '', '', NULL, NULL, NULL, NULL, 'active', '2025-06-28 15:05:46', '2025-06-28 15:05:46', 1, 150),
(318, 'ວັດວຽງຈະເລີນ', 'ບ້ານ ວຽງຈະເລີນ', '', 'info@laotemples.com', 'http://www.laotemples.com', '0000-00-00', '', '', NULL, NULL, NULL, NULL, 'active', '2025-06-28 15:05:46', '2025-06-28 15:05:46', 1, 150),
(319, 'ວັດທາດຫຼວງເໜືອ', 'ບ້ານ ທາດຫຼວງເໜືອ', '', 'info@laotemples.com', 'http://www.laotemples.com', '0000-00-00', '', '', NULL, NULL, NULL, NULL, 'active', '2025-06-28 15:05:46', '2025-06-28 15:05:46', 1, 150),
(320, 'ວັດໂລກຈຸລະມີ', 'ບ້ານ ທາດຫຼວງໃຕ້', '', 'info@laotemples.com', 'http://www.laotemples.com', '0000-00-00', '', '', NULL, NULL, NULL, NULL, 'active', '2025-06-28 15:05:46', '2025-06-28 15:05:46', 1, 150),
(321, 'ວັດໜອງບອນ', 'ບ້ານ ໜອງບອນ', '', 'info@laotemples.com', 'http://www.laotemples.com', '0000-00-00', '', '', NULL, NULL, NULL, NULL, 'active', '2025-06-28 15:05:46', '2025-06-28 15:05:46', 1, 150),
(322, 'ວັດຮ່ອງແກ', 'ບ້ານ ຮ່ອງແກ', '', 'info@laotemples.com', 'http://www.laotemples.com', '0000-00-00', '', '', NULL, NULL, NULL, NULL, 'active', '2025-06-28 15:05:46', '2025-06-28 15:05:46', 1, 150),
(323, 'ວັດວຽງແສນ ໄຊຍະຣາມ', 'ບ້ານ ໂພນທັນເໜືອ', '', 'info@laotemples.com', 'http://www.laotemples.com', '0000-00-00', '', '', NULL, NULL, NULL, NULL, 'active', '2025-06-28 15:05:46', '2025-06-28 15:05:46', 1, 150),
(324, 'ວັດລັດຕະນະມຸງຄຸນ', 'ບ້ານ ໂພນທັນໃຕ້', '', 'info@laotemples.com', 'http://www.laotemples.com', '0000-00-00', '', '', NULL, NULL, NULL, NULL, 'active', '2025-06-28 15:05:46', '2025-06-28 15:05:46', 1, 150),
(325, 'ວັດສະພັງໝໍ້', 'ບ້ານ ສະພັງໝໍ້', '', 'info@laotemples.com', 'http://www.laotemples.com', '0000-00-00', '', '', NULL, NULL, NULL, NULL, 'active', '2025-06-28 15:05:46', '2025-06-28 15:05:46', 1, 150),
(326, 'ວັດເລືອງທອງ', 'ບ້ານ ສະພັງໝໍ້', '', 'info@laotemples.com', 'http://www.laotemples.com', '0000-00-00', '', '', NULL, NULL, NULL, NULL, 'active', '2025-06-28 15:05:46', '2025-06-28 15:05:46', 1, 150),
(327, 'ວັດສົມສະຫງັດ', 'ບ້ານ ຝາຍ', '', 'info@laotemples.com', 'http://www.laotemples.com', '0000-00-00', '', '', NULL, NULL, NULL, NULL, 'active', '2025-06-28 15:05:46', '2025-06-28 15:05:46', 1, 150),
(328, 'ວັດໂພນໄຊ', 'ບ້ານ ໂພນໄຊ', '', 'info@laotemples.com', 'http://www.laotemples.com', '0000-00-00', '', '', NULL, NULL, NULL, NULL, 'active', '2025-06-28 15:05:46', '2025-06-28 15:05:46', 1, 150),
(329, 'ວັດນາໄຊ', 'ບ້ານ ນາໄຊ', '', 'info@laotemples.com', 'http://www.laotemples.com', '0000-00-00', '', '', NULL, NULL, NULL, NULL, 'active', '2025-06-28 15:05:46', '2025-06-28 15:05:46', 1, 150),
(330, 'ວັດສີສັງວອນ', 'ບ້ານ ສີສັງວອນ', '', 'info@laotemples.com', 'http://www.laotemples.com', '0000-00-00', '', '', NULL, NULL, NULL, NULL, 'active', '2025-06-28 15:05:46', '2025-06-28 15:05:46', 1, 150),
(331, 'ວັດສີສະຫວາດ', 'ບ້ານ ຊຽງດາ', '', 'info@laotemples.com', 'http://www.laotemples.com', '0000-00-00', '', '', NULL, NULL, NULL, NULL, 'active', '2025-06-28 15:05:46', '2025-06-28 15:05:46', 1, 150),
(332, 'ວັດສີບຸນເຮືອງ', 'ບ້ານ ເມືອງນ້ອຍ', '', 'info@laotemples.com', 'http://www.laotemples.com', '0000-00-00', '', '', NULL, NULL, NULL, NULL, 'active', '2025-06-28 15:05:46', '2025-06-28 15:05:46', 1, 150),
(333, 'ວັດໃຫຍ່ສີຊຸມພູ', 'ບ້ານ ເມືອງນ້ອຍ', '', 'info@laotemples.com', 'http://www.laotemples.com', '0000-00-00', '', '', NULL, NULL, NULL, NULL, 'active', '2025-06-28 15:05:46', '2025-06-28 15:05:46', 1, 150),
(334, 'ວັດໂນນຄໍ້ໃຕ້', 'ບ້ານ ໂນນຄໍ້ໃຕ້', '', 'info@laotemples.com', 'http://www.laotemples.com', '0000-00-00', '', '', NULL, NULL, NULL, NULL, 'active', '2025-06-28 15:05:46', '2025-06-28 15:05:46', 1, 150),
(335, 'ວັດປ່າມີ', 'ບ້ານ ໂນນຄໍ້ເໜືອ', '', 'info@laotemples.com', 'http://www.laotemples.com', '0000-00-00', '', '', NULL, NULL, NULL, NULL, 'active', '2025-06-28 15:05:46', '2025-06-28 15:05:46', 1, 150),
(336, 'ວັດຫົວຂົວ', 'ບ້ານ ຫົວຂົວ', '', 'info@laotemples.com', 'http://www.laotemples.com', '0000-00-00', '', '', NULL, NULL, NULL, NULL, 'active', '2025-06-28 15:05:46', '2025-06-28 15:05:46', 1, 150),
(337, 'ວັດຄຳສະຫວາດ', 'ບ້ານ ຄຳສະຫວາດ', '', 'info@laotemples.com', 'http://www.laotemples.com', '0000-00-00', '', '', NULL, NULL, NULL, NULL, 'active', '2025-06-28 15:05:46', '2025-06-28 15:05:46', 1, 150),
(338, 'ວັດໂພໄຊຍະຣາມ', 'ບ້ານ ໂນນຄໍ້ເໜືອ', '', 'info@laotemples.com', 'http://www.laotemples.com', '0000-00-00', '', '', NULL, NULL, NULL, NULL, 'active', '2025-06-28 15:05:46', '2025-06-28 15:05:46', 1, 150),
(339, 'ວັດທາກວຽນ', 'ບ້ານ ຊຽງດາ', '', 'info@laotemples.com', 'http://www.laotemples.com', '0000-00-00', '', '', NULL, NULL, NULL, NULL, 'active', '2025-06-28 15:05:46', '2025-06-28 15:05:46', 1, 150),
(340, 'ວັດສີສົມຊື່ນ (ດົງຍາງ)', 'ບ້ານ ເມືອງນ້ອຍ', '', 'info@laotemples.com', 'http://www.laotemples.com', '0000-00-00', '', '', NULL, NULL, NULL, NULL, 'active', '2025-06-28 15:05:46', '2025-06-28 15:05:46', 1, 150),
(341, 'ວັດໂນນຫວາຍ', 'ບ້ານ ໂນນຫວາຍ', '', 'info@laotemples.com', 'http://www.laotemples.com', '0000-00-00', '', '', NULL, NULL, NULL, NULL, 'active', '2025-06-28 15:05:46', '2025-06-28 15:05:46', 1, 150),
(342, 'ວັດເວລຸວັນ', 'ບ້ານ ໂນນຄໍ້ໃຕ້', '', 'info@laotemples.com', 'http://www.laotemples.com', '0000-00-00', '', '', NULL, NULL, NULL, NULL, 'active', '2025-06-28 15:05:46', '2025-06-28 15:05:46', 1, 150),
(343, 'ວັດໂນນສະຫວ່າງ', 'ບ້ານ ໂນນສະຫວ່າງ', '', 'info@laotemples.com', 'http://www.laotemples.com', '0000-00-00', '', '', NULL, NULL, NULL, NULL, 'active', '2025-06-28 15:05:46', '2025-06-28 15:05:46', 1, 150),
(344, 'ວັດແສງສະຫວ່າງ', 'ບ້ານ ແສງສະຫວ່າງ', '', 'info@laotemples.com', 'http://www.laotemples.com', '0000-00-00', '', '', NULL, NULL, NULL, NULL, 'active', '2025-06-28 15:05:46', '2025-06-28 15:05:46', 1, 150),
(345, 'ວັດໂຊກຄຳໃໝ່', 'ບ້ານ ໂຊກຄຳ', '', 'info@laotemples.com', 'http://www.laotemples.com', '0000-00-00', '', '', NULL, NULL, NULL, NULL, 'active', '2025-06-28 15:05:46', '2025-06-28 15:05:46', 1, 150),
(346, 'ວັດອາມອນ', 'ບ້ານ ອາມອນ', '', 'info@laotemples.com', 'http://www.laotemples.com', '0000-00-00', '', '', NULL, NULL, NULL, NULL, 'active', '2025-06-28 15:05:46', '2025-06-28 15:05:46', 1, 150),
(347, 'ວັດໂຊກຄຳເກົ່າ', 'ບ້ານ ໂຊກຄຳ', '', 'info@laotemples.com', 'http://www.laotemples.com', '0000-00-00', '', '', NULL, NULL, NULL, NULL, 'active', '2025-06-28 15:05:46', '2025-06-28 15:05:46', 1, 150),
(348, 'ວັດໂນນສະຫວ່າງ', 'ບ້ານ ໂນນສະຫວ່າງ', '', 'info@laotemples.com', 'http://www.laotemples.com', '0000-00-00', '', '', NULL, NULL, NULL, NULL, 'active', '2025-06-28 15:05:46', '2025-06-28 15:05:46', 1, 150),
(349, 'ວັດວັງຊາຍ', 'ບ້ານ ວັງຊາຍ', '', 'info@laotemples.com', 'http://www.laotemples.com', '0000-00-00', '', '', NULL, NULL, NULL, NULL, 'active', '2025-06-28 15:05:46', '2025-06-28 15:05:46', 1, 150),
(350, 'ວັດໜອງໜ່ຽງ', 'ບ້ານ ໜອງໜ່ຽງ', '', 'info@laotemples.com', 'http://www.laotemples.com', '0000-00-00', '', '', NULL, NULL, NULL, NULL, 'active', '2025-06-28 15:05:46', '2025-06-28 15:05:46', 1, 150),
(351, 'ວັດຊໍາເຄ້', 'ບ້ານ ຊໍາເຄ້', '', 'info@laotemples.com', 'http://www.laotemples.com', '0000-00-00', '', '', NULL, NULL, NULL, NULL, 'active', '2025-06-28 15:05:46', '2025-06-28 15:05:46', 1, 150),
(352, 'ວັດໂນນສະຫວັນ', 'ບ້ານ ໂນນສະຫວັນ', '', 'info@laotemples.com', 'http://www.laotemples.com', '0000-00-00', '', '', NULL, NULL, NULL, NULL, 'active', '2025-06-28 15:05:46', '2025-06-28 15:05:46', 1, 150),
(353, 'ວັດຮ່ອງສຸພາບ', 'ບ້ານ ຮ່ອງສຸພາບ', '', 'info@laotemples.com', 'http://www.laotemples.com', '0000-00-00', '', '', NULL, NULL, NULL, NULL, 'active', '2025-06-28 15:05:46', '2025-06-28 15:05:46', 1, 150),
(354, 'ວັດສົມສະຫງ່າ', 'ບ້ານ ສົມສະຫງ່າ', '', 'info@laotemples.com', 'http://www.laotemples.com', '0000-00-00', '', '', NULL, NULL, NULL, NULL, 'active', '2025-06-28 15:05:46', '2025-06-28 15:05:46', 1, 150),
(355, 'ວັດສັນຕິທັມ', 'ບ້ານ ຂາມງອຍ', '', 'info@laotemples.com', 'http://www.laotemples.com', '0000-00-00', '', '', NULL, NULL, NULL, NULL, 'active', '2025-06-28 15:05:46', '2025-06-28 15:05:46', 1, 150),
(356, 'ວັດໂພຄອຍ', 'ບ້ານ ນາຄວາຍໃຕ້', '', 'info@laotemples.com', 'http://www.laotemples.com', '0000-00-00', '', '', NULL, NULL, NULL, NULL, 'active', '2025-06-28 15:05:46', '2025-06-28 15:05:46', 1, 150),
(357, 'ວັດໄຮຄຳ', 'ບ້ານ ໄຮຄຳ', '', 'info@laotemples.com', 'http://www.laotemples.com', '0000-00-00', '', '', NULL, NULL, NULL, NULL, 'active', '2025-06-28 15:05:46', '2025-06-28 15:05:46', 1, 150),
(358, 'ວັດສີບຸນເຮືອງ', 'ບ້ານ ໄຮຄໍາ', '', 'info@laotemples.com', 'http://www.laotemples.com', '0000-00-00', '', '', NULL, NULL, NULL, NULL, 'active', '2025-06-28 15:05:46', '2025-06-28 15:05:46', 1, 150),
(359, 'ວັດນາເຊຶອກ', 'ບ້ານ ນາຄວາຍໃຕ້', '', 'info@laotemples.com', 'http://www.laotemples.com', '0000-00-00', '', '', NULL, NULL, NULL, NULL, 'active', '2025-06-28 15:05:46', '2025-06-28 15:05:46', 1, 150),
(360, 'ວັດນາຄວາຍກາງ', 'ບ້ານ ນາຄວາຍກາງ', '', 'info@laotemples.com', 'http://www.laotemples.com', '0000-00-00', '', '', NULL, NULL, NULL, NULL, 'active', '2025-06-28 15:05:46', '2025-06-28 15:05:46', 1, 150),
(361, 'ວັດອຸດົມມີໄຊ', 'ບ້ານ ນາສ້າງໄຜ່', '', 'info@laotemples.com', 'http://www.laotemples.com', '0000-00-00', '', '', NULL, NULL, NULL, NULL, 'active', '2025-06-28 15:05:46', '2025-06-28 15:05:46', 1, 150),
(362, 'ວັດນາຖົງຄຳ', 'ບ້ານ ນາຄວາຍໃຕ້', '', 'info@laotemples.com', 'http://www.laotemples.com', '0000-00-00', '', '', NULL, NULL, NULL, NULL, 'active', '2025-06-28 15:05:46', '2025-06-28 15:05:46', 1, 150),
(363, 'ວັດດຸງໃຫຍ່', 'ບ້ານ ດຸງໃຫຍ່', '', 'info@laotemples.com', 'http://www.laotemples.com', '0000-00-00', '', '', NULL, NULL, NULL, NULL, 'active', '2025-06-28 15:05:46', '2025-06-28 15:05:46', 1, 150),
(364, 'ວັດຈອມສີ', 'ບ້ານ ຈອມສີ', '', 'info@laotemples.com', 'http://www.laotemples.com', '0000-00-00', '', '', NULL, NULL, NULL, NULL, 'active', '2025-06-28 15:05:46', '2025-06-28 15:05:46', 1, 150),
(365, 'ວັດສຸກສົມຫວັງ', 'ບ້ານ ນາໄຫ', '', 'info@laotemples.com', 'http://www.laotemples.com', '0000-00-00', '', '', NULL, NULL, NULL, NULL, 'active', '2025-06-28 15:05:46', '2025-06-28 15:05:46', 1, 150),
(366, 'ວັດໂຊກໃຫຍ່', 'ບ້ານ ໂຊກໃຫຍ່', '', 'info@laotemples.com', 'http://www.laotemples.com', '0000-00-00', '', '', NULL, NULL, NULL, NULL, 'active', '2025-06-28 15:05:46', '2025-06-28 15:05:46', 1, 150),
(367, 'ວັດປ່າໂຊກໃຫຍ່', 'ບ້ານ ໂຊກໃຫຍ່', '', 'info@laotemples.com', 'http://www.laotemples.com', '0000-00-00', '', '', NULL, NULL, NULL, NULL, 'active', '2025-06-28 15:05:46', '2025-06-28 15:05:46', 1, 150),
(368, 'ວັດໂພໄຊຍະຣາມ', 'ບ້ານ ໂຊກນ້ອຍ', '', 'info@laotemples.com', 'http://www.laotemples.com', '0000-00-00', '', '', NULL, NULL, NULL, NULL, 'active', '2025-06-28 15:05:46', '2025-06-28 15:05:46', 1, 150),
(369, 'ວັດໂພໄຊຍະຣາມ', 'ບ້ານ ນາໂນ', '', 'info@laotemples.com', 'http://www.laotemples.com', '0000-00-00', '', '', NULL, NULL, NULL, NULL, 'active', '2025-06-28 15:05:46', '2025-06-28 15:05:46', 1, 150),
(370, 'ວັດນານົກຂຽນ', 'ບ້ານ ໂຊກນ້ອຍ', '', 'info@laotemples.com', 'http://www.laotemples.com', '0000-00-00', '', '', NULL, NULL, NULL, NULL, 'active', '2025-06-28 15:05:46', '2025-06-28 15:05:46', 1, 150),
(371, 'ວັດອຳໄພວັນ', 'ບ້ານ ນາບຽນ', '', 'info@laotemples.com', 'http://www.laotemples.com', '0000-00-00', '', '', NULL, NULL, NULL, NULL, 'active', '2025-06-28 15:05:46', '2025-06-28 15:05:46', 1, 150),
(372, 'ວັດປ່ານາໄຫ', 'ບ້ານ ນາໄຫ', '', 'info@laotemples.com', 'http://www.laotemples.com', '0000-00-00', '', '', NULL, NULL, NULL, NULL, 'active', '2025-06-28 15:05:46', '2025-06-28 15:05:46', 1, 150),
(373, 'ວັດໂພນທອງ', 'ບ້ານ ໂພນທອງ', '', 'info@laotemples.com', 'http://www.laotemples.com', '0000-00-00', '', '', NULL, NULL, NULL, NULL, 'active', '2025-06-28 15:05:46', '2025-06-28 15:05:46', 1, 150),
(374, 'ວັດແສງສະຫວ່າງ', 'ບ້ານ ດຸງນ້ອຍ', '', 'info@laotemples.com', 'http://www.laotemples.com', '0000-00-00', '', '', NULL, NULL, NULL, NULL, 'active', '2025-06-28 15:05:46', '2025-06-28 15:05:46', 1, 150),
(375, 'ວັັດສີຣິບຸນທັມວານະຣາມ', 'ບ້ານ ທ່າສະຫວ່າງ', '', 'info@laotemples.com', 'http://www.laotemples.com', '0000-00-00', '', 'ວັັດສີຣິບຸນທັມວານະຣາມ  ບ້ານ ທ່າສະຫວ່າງ ໄຊທານີ ນະຄອນຫຼວງວຽງຈັນ', NULL, NULL, NULL, NULL, 'active', '2025-06-28 15:05:54', '2025-06-28 15:05:54', 1, 10),
(376, 'ວັດປ່າສາມັກຄີທັມ', 'ບ້ານ ທ່າງ່ອນ', '', 'info@laotemples.com', 'http://www.laotemples.com', '0000-00-00', '', 'ວັດປ່າສາມັກຄີທັມ ບ້ານ ທ່າງ່ອນ ໄຊທານີ ນະຄອນຫຼວງວຽງຈັນ', NULL, NULL, NULL, NULL, 'active', '2025-06-28 15:05:54', '2025-06-28 15:05:54', 1, 10),
(377, 'ວັດສີບຸນເຮືອງ', 'ບ້ານ ທ່າງ່ອນ', '', 'info@laotemples.com', 'http://www.laotemples.com', '0000-00-00', '', 'ວັດສີບຸນເຮືອງ ບ້ານ ທ່າງ່ອນ ໄຊທານີ ນະຄອນຫຼວງວຽງຈັນ', NULL, NULL, NULL, NULL, 'active', '2025-06-28 15:05:54', '2025-06-28 15:05:54', 1, 10),
(378, 'ວັດສົວສະຫວາດ', 'ບ້ານ ໄຮ່', '', 'info@laotemples.com', 'http://www.laotemples.com', '0000-00-00', '', 'ວັດສົວສະຫວາດ ບ້ານ ໄຮ່ ໄຊທານີ ນະຄອນຫຼວງວຽງຈັນ', NULL, NULL, NULL, NULL, 'active', '2025-06-28 15:05:54', '2025-06-28 15:05:54', 1, 10),
(379, 'ວັດໄຊຍະຣາມ', 'ບ້ານ ນາ', '', 'info@laotemples.com', 'http://www.laotemples.com', '0000-00-00', '', 'ວັດໄຊຍະຣາມ ບ້ານ ນາ ໄຊທານີ ນະຄອນຫຼວງວຽງຈັນ', NULL, NULL, NULL, NULL, 'active', '2025-06-28 15:05:54', '2025-06-28 15:05:54', 1, 10),
(380, 'ວັດປ່າສັນຕິວະຣາມ', 'ບ້ານ ໂນນບໍ່ແກ້ວ', '', 'info@laotemples.com', 'http://www.laotemples.com', '0000-00-00', '', 'ວັດປ່າສັນຕິວະຣາມ   ບ້ານ ໂນນບໍ່ແກ້ວ ໄຊທານີ ນະຄອນຫຼວງວຽງຈັນ', NULL, NULL, NULL, NULL, 'active', '2025-06-28 15:05:54', '2025-06-28 15:05:54', 1, 10),
(381, 'ວັດສີສຸວັນນະຣາມ', 'ບ້ານ ພູຄຳ', '', 'info@laotemples.com', 'http://www.laotemples.com', '0000-00-00', '', 'ວັດສີສຸວັນນະຣາມ ບ້ານ ພູຄຳ ໄຊທານີ ນະຄອນຫຼວງວຽງຈັນ', NULL, NULL, NULL, NULL, 'active', '2025-06-28 15:05:54', '2025-06-28 15:05:54', 1, 10),
(382, 'ວັດຊົນລະປະທານໄຊຍະຣາມ', 'ບ້ານ ແກ້ງຄຳ', '', 'info@laotemples.com', 'http://www.laotemples.com', '0000-00-00', '', 'ວັດຊົນລະປະທານໄຊຍະຣາມ ບ້ານ ແກ້ງຄຳ ໄຊທານີ ນະຄອນຫຼວງວຽງຈັນ', NULL, NULL, NULL, NULL, 'active', '2025-06-28 15:05:54', '2025-06-28 15:05:54', 1, 10),
(383, 'ວັດທັມມະລັງສີໄຊຍະຣາມ', 'ບ້ານ ທ່າສີສົມມໍ', '', 'info@laotemples.com', 'http://www.laotemples.com', '0000-00-00', '', 'ວັດທັມມະລັງສີໄຊຍະຣາມ ບ້ານ ທ່າສີສົມມໍ ໄຊທານີ ນະຄອນຫຼວງວຽງຈັນ', NULL, NULL, NULL, NULL, 'active', '2025-06-28 15:05:54', '2025-06-28 15:05:54', 1, 10),
(384, 'ວັດສຸກຂະເສີມໄຊຍະຣາມ', 'ບ້ານ ໂນນສະອາດ', '', 'info@laotemples.com', 'http://www.laotemples.com', '0000-00-00', '', 'ວັດສຸກຂະເສີມໄຊຍະຣາມ ບ້ານ ໂນນສະອາດ ໄຊທານີ ນະຄອນຫຼວງວຽງຈັນ', NULL, NULL, NULL, NULL, 'active', '2025-06-28 15:05:54', '2025-06-28 15:05:54', 1, 10),
(385, 'ວັດປ່າໄຊສົງຄາມວາຣາຣາມ', 'ບ້ານ ໂນນສະອາດ', '', 'info@laotemples.com', 'http://www.laotemples.com', '0000-00-00', '', 'ວັດປ່າໄຊສົງຄາມວາຣາຣາມ ບ້ານ ໂນນສະອາດ ໄຊທານີ ນະຄອນຫຼວງວຽງຈັນ', NULL, NULL, NULL, NULL, 'active', '2025-06-28 15:05:54', '2025-06-28 15:05:54', 1, 10),
(386, 'ວັດຄົງຄາໄຊຍະຣາມ', 'ບ້ານ ອຸດົມຜົນ', '', 'info@laotemples.com', 'http://www.laotemples.com', '0000-00-00', '', 'ວັດຄົງຄາໄຊຍະຣາມ ບ້ານ ອຸດົມຜົນ ໄຊທານີ ນະຄອນຫຼວງວຽງຈັນ', NULL, NULL, NULL, NULL, 'active', '2025-06-28 15:05:54', '2025-06-28 15:05:54', 1, 10),
(387, 'ວັດສີວິໄລໄຊຍະມຸງຄຸນ', 'ບ້ານ ລາດຄວາຍ', '', 'info@laotemples.com', 'http://www.laotemples.com', '0000-00-00', '', 'ວັດສີວິໄລໄຊຍະມຸງຄຸນ ບ້ານ ລາດຄວາຍ ໄຊທານີ ນະຄອນຫຼວງວຽງຈັນ', NULL, NULL, NULL, NULL, 'active', '2025-06-28 15:05:54', '2025-06-28 15:05:54', 1, 10),
(388, 'ວັດນະທີທອງ', 'ບ້ານ ລາດຄວາຍ', '', 'info@laotemples.com', 'http://www.laotemples.com', '0000-00-00', '', 'ວັດນະທີທອງ ບ້ານ ລາດຄວາຍ ໄຊທານີ ນະຄອນຫຼວງວຽງຈັນ', NULL, NULL, NULL, NULL, 'active', '2025-06-28 15:05:54', '2025-06-28 15:05:54', 1, 10),
(389, 'ວັດລະຕະນະວະນາຣາມ', 'ບ້ານ ນາໂງມເກົ່າ', '', 'info@laotemples.com', 'http://www.laotemples.com', '0000-00-00', '', 'ວັດລະຕະນະວະນາຣາມ ບ້ານ ນາໂງມເກົ່າ ໄຊທານີ ນະຄອນຫຼວງວຽງຈັນ', NULL, NULL, NULL, NULL, 'active', '2025-06-28 15:05:54', '2025-06-28 15:05:54', 1, 10),
(390, 'ວັດລືສີນິມິດຈິດຕະຄອນ', 'ບ້ານ ນາໂງມໄໝ່', '', 'info@laotemples.com', 'http://www.laotemples.com', '0000-00-00', '', 'ວັດລືສີນິມິດຈິດຕະຄອນ ບ້ານ ນາໂງມໄໝ່ ໄຊທານີ ນະຄອນຫຼວງວຽງຈັນ', NULL, NULL, NULL, NULL, 'active', '2025-06-28 15:05:54', '2025-06-28 15:05:54', 1, 10),
(391, 'ວັດໄຊຍະມັງຄະລາລາມ', 'ບ້ານ ນາຕານ', '', 'info@laotemples.com', 'http://www.laotemples.com', '0000-00-00', '', 'ວັດໄຊຍະມັງຄະລາລາມ ບ້ານ ນາຕານ ໄຊທານີ ນະຄອນຫຼວງວຽງຈັນ', NULL, NULL, NULL, NULL, 'active', '2025-06-28 15:05:54', '2025-06-28 15:05:54', 1, 10),
(392, 'ວັດພຸດທະບາດແອວຂັນ', 'ບ້ານ ນາຄາຍ', '', 'info@laotemples.com', 'http://www.laotemples.com', '0000-00-00', '', 'ວັດພຸດທະບາດແອວຂັນ ບ້ານ ນາຄາຍ ໄຊທານີ ນະຄອນຫຼວງວຽງຈັນ', NULL, NULL, NULL, NULL, 'active', '2025-06-28 15:05:54', '2025-06-28 15:05:54', 1, 10),
(393, 'ວັດປ່າປານນິມິດ', 'ບ້ານ ນາຄັນທຸງ', '', 'info@laotemples.com', 'http://www.laotemples.com', '0000-00-00', '', 'ວັດປ່າປານນິມິດ ບ້ານ ນາຄັນທຸງ ໄຊທານີ ນະຄອນຫຼວງວຽງຈັນ', NULL, NULL, NULL, NULL, 'active', '2025-06-28 15:05:54', '2025-06-28 15:05:54', 1, 10),
(394, 'ວັດໂພທິນາທາລາມ', 'ບ້ານ ນາຄັນທຸງ', '', 'info@laotemples.com', 'http://www.laotemples.com', '0000-00-00', '', 'ວັດໂພທິນາທາລາມ ບ້ານ ນາຄັນທຸງ ໄຊທານີ ນະຄອນຫຼວງວຽງຈັນ', NULL, NULL, NULL, NULL, 'active', '2025-06-28 15:05:54', '2025-06-28 15:05:54', 1, 10),
(395, 'ວັດໄຊຍະມຸງຄຸນໂພທິລາມ', 'ບ້ານ ຫົວນອກ', '', 'info@laotemples.com', 'http://www.laotemples.com', '0000-00-00', '', 'ວັດໄຊຍະມຸງຄຸນໂພທິລາມ ບ້ານ ຫົວນອກ ໄຊທານີ ນະຄອນຫຼວງວຽງຈັນ', NULL, NULL, NULL, NULL, 'active', '2025-06-28 15:05:54', '2025-06-28 15:05:54', 1, 10),
(396, 'ວັດໄຊຍະຣາມ', 'ບ້ານ ຫົວນາໃນ', '', 'info@laotemples.com', 'http://www.laotemples.com', '0000-00-00', '', 'ວັດໄຊຍະຣາມ ບ້ານ ຫົວນາໃນ ໄຊທານີ ນະຄອນຫຼວງວຽງຈັນ', NULL, NULL, NULL, NULL, 'active', '2025-06-28 15:05:54', '2025-06-28 15:05:54', 1, 10),
(397, 'ວັດສຸຂີໄຊຍະຣາມ', 'ບ້ານ ຫົວຂົວ', '', 'info@laotemples.com', 'http://www.laotemples.com', '0000-00-00', '', 'ວັດສຸຂີໄຊຍະຣາມ ບ້ານ ຫົວຂົວ ໄຊທານີ ນະຄອນຫຼວງວຽງຈັນ', NULL, NULL, NULL, NULL, 'active', '2025-06-28 15:05:54', '2025-06-28 15:05:54', 1, 10),
(398, 'ວັດສິລິມຸງຄຸນລັດຕະນະລາມ', 'ບ້ານ ໂພນແພງ', '', 'info@laotemples.com', 'http://www.laotemples.com', '0000-00-00', '', 'ວັດສິລິມຸງຄຸນລັດຕະນະລາມ ບ້ານ ໂພນແພງ ໄຊທານີ ນະຄອນຫຼວງວຽງຈັນ', NULL, NULL, NULL, NULL, 'active', '2025-06-28 15:05:54', '2025-06-28 15:05:54', 1, 10),
(399, 'ວັດສີຊົມຊື່ນ', 'ນ້ານ ປາກຊາບເກົ່າ', '', 'info@laotemples.com', 'http://www.laotemples.com', '0000-00-00', '', 'ວັດສີຊົມຊື່ນ ນ້ານ ປາກຊາບເກົ່າ ໄຊທານີ ນະຄອນຫຼວງວຽງຈັນ', NULL, NULL, NULL, NULL, 'active', '2025-06-28 15:05:54', '2025-06-28 15:05:54', 1, 10),
(400, 'ວັດທ່າໂພສີ', 'ບ້ານ ປາກຊາບໄໝ່', '', 'info@laotemples.com', 'http://www.laotemples.com', '0000-00-00', '', 'ວັດທ່າໂພສີ ບ້ານ ປາກຊາບໄໝ່ ໄຊທານີ ນະຄອນຫຼວງວຽງຈັນ', NULL, NULL, NULL, NULL, 'active', '2025-06-28 15:05:54', '2025-06-28 15:05:54', 1, 10),
(401, 'ວັດໂພໄຊທົ່ງ', 'ບ້ານ ປາກຊາບໄໝ່', '', 'info@laotemples.com', 'http://www.laotemples.com', '0000-00-00', '', 'ວັດໂພໄຊທົ່ງ ບ້ານ ປາກຊາບໄໝ່ ໄຊທານີ ນະຄອນຫຼວງວຽງຈັນ', NULL, NULL, NULL, NULL, 'active', '2025-06-28 15:05:54', '2025-06-28 15:05:54', 1, 10),
(402, 'ວັດໂຊກໄຊເມດຕາໄຊຍະຣາມ', 'ບ້ານ ປ່າໄລ', '', 'info@laotemples.com', 'http://www.laotemples.com', '0000-00-00', '', 'ວັດໂຊກໄຊເມດຕາໄຊຍະຣາມ ບ້ານ ປ່າໄລ ໄຊທານີ ນະຄອນຫຼວງວຽງຈັນ', NULL, NULL, NULL, NULL, 'active', '2025-06-28 15:05:54', '2025-06-28 15:05:54', 1, 10),
(403, 'ວັດໂພທິສັດທະລາລາມ', 'ບ້ານ ດຸ່ນອ່ຽນ', '', 'info@laotemples.com', 'http://www.laotemples.com', '0000-00-00', '', 'ວັດໂພທິສັດທະລາລາມ ບ້ານ ດຸ່ນອ່ຽນ ໄຊທານີ ນະຄອນຫຼວງວຽງຈັນ', NULL, NULL, NULL, NULL, 'active', '2025-06-28 15:05:54', '2025-06-28 15:05:54', 1, 10),
(404, 'ວັດປະທຸມພອນ', 'ບ້ານ ນາຂາວ', '', 'info@laotemples.com', 'http://www.laotemples.com', '0000-00-00', '', 'ວັດປະທຸມພອນ ບ້ານ ນາຂາວ ໄຊທານີ ນະຄອນຫຼວງວຽງຈັນ', NULL, NULL, NULL, NULL, 'active', '2025-06-28 15:05:54', '2025-06-28 15:05:54', 1, 10),
(405, 'ວັດສີສະຫວ່າງ', 'ບ້ານ ນາພອກ', '', 'info@laotemples.com', 'http://www.laotemples.com', '0000-00-00', '', 'ວັດສີສະຫວ່າງ ບ້ານ ນາພອກ ໄຊທານີ ນະຄອນຫຼວງວຽງຈັນ', NULL, NULL, NULL, NULL, 'active', '2025-06-28 15:05:54', '2025-06-28 15:05:54', 1, 10),
(406, 'ວັດແສນສະຫວ່າງ', 'ບ້ານ ແສນອຸດົມ', '', 'info@laotemples.com', 'http://www.laotemples.com', '0000-00-00', '', 'ວັດແສນສະຫວ່າງ ບ້ານ ແສນອຸດົມ ໄຊທານີ ນະຄອນຫຼວງວຽງຈັນ', NULL, NULL, NULL, NULL, 'active', '2025-06-28 15:05:54', '2025-06-28 15:05:54', 1, 10),
(407, 'ວັດວຽງຄຳໄຊຍະຣາມ', 'ບ້ານ ເວີນແທ່ນ', '', 'info@laotemples.com', 'http://www.laotemples.com', '0000-00-00', '', 'ວັດວຽງຄຳໄຊຍະຣາມ ບ້ານ ເວີນແທ່ນ ໄຊທານີ ນະຄອນຫຼວງວຽງຈັນ', NULL, NULL, NULL, NULL, 'active', '2025-06-28 15:05:54', '2025-06-28 15:05:54', 1, 10),
(408, 'ວັດສາມັກຄີທັມສິຣິຍາງທຽນ', 'ບ້ານ ທ່າຈຳປ່າ', '', 'info@laotemples.com', 'http://www.laotemples.com', '0000-00-00', '', 'ວັດສາມັກຄີທັມສິຣິຍາງທຽນ ບ້ານ ທ່າຈຳປ່າ ໄຊທານີ ນະຄອນຫຼວງວຽງຈັນ', NULL, NULL, NULL, NULL, 'active', '2025-06-28 15:05:54', '2025-06-28 15:05:54', 1, 10),
(409, 'ສຳນັກສົງປ່າສ້າງແປ້ນ', 'ບ້ານ ນາພອກ', '', 'info@laotemples.com', 'http://www.laotemples.com', '0000-00-00', '', 'ສຳນັກສົງປ່າສ້າງແປ້ນ ບ້ານ ນາພອກ ໄຊທານີ ນະຄອນຫຼວງວຽງຈັນ', NULL, NULL, NULL, NULL, 'active', '2025-06-28 15:05:54', '2025-06-28 15:05:54', 1, 10),
(410, 'ສຳນັກສົງໂພຄຳໄຊຍະລາມ', 'ບ້ານ ຫາດວຽງຄຳ', '', 'info@laotemples.com', 'http://www.laotemples.com', '0000-00-00', '', 'ສຳນັກສົງໂພຄຳໄຊຍະລາມ ບ້ານ ຫາດວຽງຄຳ ໄຊທານີ ນະຄອນຫຼວງວຽງຈັນ', NULL, NULL, NULL, NULL, 'active', '2025-06-28 15:05:54', '2025-06-28 15:05:54', 1, 10),
(411, 'ວັດສີສົມພອນໄຊຍະຣາມ', 'ບ້ານ ຫົວຊຽງ', '', 'info@laotemples.com', 'http://www.laotemples.com', '0000-00-00', '', 'ວັດສີສົມພອນໄຊຍະຣາມ ບ້ານ ຫົວຊຽງ ໄຊທານີ ນະຄອນຫຼວງວຽງຈັນ', NULL, NULL, NULL, NULL, 'active', '2025-06-28 15:05:54', '2025-06-28 15:05:54', 1, 10),
(412, 'ວັດໂພໄຊຍະຣາມ', 'ບ້ານ ຫົວຊຽງ', '', 'info@laotemples.com', 'http://www.laotemples.com', '0000-00-00', '', 'ວັດໂພໄຊຍະຣາມ ບ້ານ ຫົວຊຽງ ໄຊທານີ ນະຄອນຫຼວງວຽງຈັນ', NULL, NULL, NULL, NULL, 'active', '2025-06-28 15:05:54', '2025-06-28 15:05:54', 1, 10),
(413, 'ວັດປ່າອຳາວັນດອນຕູມ', 'ບ້ານ ຫົວຊຽງ', '', 'info@laotemples.com', 'http://www.laotemples.com', '0000-00-00', '', 'ວັດປ່າອຳາວັນດອນຕູມ ບ້ານ ຫົວຊຽງ ໄຊທານີ ນະຄອນຫຼວງວຽງຈັນ', NULL, NULL, NULL, NULL, 'active', '2025-06-28 15:05:54', '2025-06-28 15:05:54', 1, 10),
(414, 'ວັດປ່າເວຣູວັນສີມາຈັກດາ', 'ບ້ານ ຫົວຊຽງ', '', 'info@laotemples.com', 'http://www.laotemples.com', '0000-00-00', '', 'ວັດປ່າເວຣູວັນສີມາຈັກດາ ບ້ານ ຫົວຊຽງ ໄຊທານີ ນະຄອນຫຼວງວຽງຈັນ', NULL, NULL, NULL, NULL, 'active', '2025-06-28 15:05:54', '2025-06-28 15:05:54', 1, 10),
(415, 'ວັດໂພທິສົມພອນ', 'ບ້ານ ດົງຄວາຍ', '', 'info@laotemples.com', 'http://www.laotemples.com', '0000-00-00', '', 'ວັດໂພທິສົມພອນ ບ້ານ ດົງຄວາຍ ໄຊທານີ ນະຄອນຫຼວງວຽງຈັນ', NULL, NULL, NULL, NULL, 'active', '2025-06-28 15:05:54', '2025-06-28 15:05:54', 1, 10),
(416, 'ວັດສີສົມຊື່ນ', 'ບ້ານ ສ້າງຫົວບໍ່', '', 'info@laotemples.com', 'http://www.laotemples.com', '0000-00-00', '', 'ວັດສີສົມຊື່ນ ບ້ານ ສ້າງຫົວບໍ່ ໄຊທານີ ນະຄອນຫຼວງວຽງຈັນ', NULL, NULL, NULL, NULL, 'active', '2025-06-28 15:05:54', '2025-06-28 15:05:54', 1, 10),
(417, 'ວັດບູລະພາໄຊຍະຣາມ', 'ບ້ານ ໂນນທອງ', '', 'info@laotemples.com', 'http://www.laotemples.com', '0000-00-00', '', 'ວັດບູລະພາໄຊຍະຣາມ ບ້ານ ໂນນທອງ ໄຊທານີ ນະຄອນຫຼວງວຽງຈັນ', NULL, NULL, NULL, NULL, 'active', '2025-06-28 15:05:54', '2025-06-28 15:05:54', 1, 10),
(418, 'ວັດແສນຊຸມ', 'ບ້ານ ໄຜລ້ອມ', '', 'info@laotemples.com', 'http://www.laotemples.com', '0000-00-00', '', 'ວັດແສນຊຸມ ບ້ານ ໄຜລ້ອມ ໄຊທານີ ນະຄອນຫຼວງວຽງຈັນ', NULL, NULL, NULL, NULL, 'active', '2025-06-28 15:05:54', '2025-06-28 15:05:54', 1, 10),
(419, 'ວັດປ່າອຳພາວັນ', 'ບ້ານ ສົມສະຫວັນ', '', 'info@laotemples.com', 'http://www.laotemples.com', '0000-00-00', '', 'ວັດປ່າອຳພາວັນ ບ້ານ ສົມສະຫວັນ ໄຊທານີ ນະຄອນຫຼວງວຽງຈັນ', NULL, NULL, NULL, NULL, 'active', '2025-06-28 15:05:54', '2025-06-28 15:05:54', 1, 10),
(420, 'ວັດໂພໄຊຍະຣາມ', 'ບ້ານ ສົມສະຫວັນ', '', 'info@laotemples.com', 'http://www.laotemples.com', '0000-00-00', '', 'ວັດໂພໄຊຍະຣາມ ບ້ານ ສົມສະຫວັນ ໄຊທານີ ນະຄອນຫຼວງວຽງຈັນ', NULL, NULL, NULL, NULL, 'active', '2025-06-28 15:05:54', '2025-06-28 15:05:54', 1, 10),
(421, 'ວັດໄຊຍະມັງຄະລາລາມ', 'ບ້ານ ໂຄກສະຫວ່າງ', '', 'info@laotemples.com', 'http://www.laotemples.com', '0000-00-00', '', 'ວັດໄຊຍະມັງຄະລາລາມ ບ້ານ ໂຄກສະຫວ່າງ ໄຊທານີ ນະຄອນຫຼວງວຽງຈັນ', NULL, NULL, NULL, NULL, 'active', '2025-06-28 15:05:54', '2025-06-28 15:05:54', 1, 10),
(422, 'ວັດອາດສະພັງທອງ', 'ບ້ານ ດອນລຸ່ມ', '', 'info@laotemples.com', 'http://www.laotemples.com', '0000-00-00', '', 'ວັດອາດສະພັງທອງ ບ້ານ ດອນລຸ່ມ ໄຊທານີ ນະຄອນຫຼວງວຽງຈັນ', NULL, NULL, NULL, NULL, 'active', '2025-06-28 15:05:54', '2025-06-28 15:05:54', 1, 10),
(423, 'ວັດປູມະຫາທາດຈະເລີນທັມ', 'ບ້ານ ດອນລຸ່ມ', '', 'info@laotemples.com', 'http://www.laotemples.com', '0000-00-00', '', 'ວັດປູມະຫາທາດຈະເລີນທັມ ບ້ານ ດອນລຸ່ມ ໄຊທານີ ນະຄອນຫຼວງວຽງຈັນ', NULL, NULL, NULL, NULL, 'active', '2025-06-28 15:05:54', '2025-06-28 15:05:54', 1, 10),
(424, 'ວັດສີສະຫວາດ', 'ບ້ານ ໂພນະສະຫວັນ', '', 'info@laotemples.com', 'http://www.laotemples.com', '0000-00-00', '', 'ວັດສີສະຫວາດ ບ້ານ ໂພນະສະຫວັນ ໄຊທານີ ນະຄອນຫຼວງວຽງຈັນ', NULL, NULL, NULL, NULL, 'active', '2025-06-28 15:05:54', '2025-06-28 15:05:54', 1, 10),
(425, 'ວັດສະຫວ່າງສີສົມພອນ', 'ບ້ານ ນາຜາສຸກ', '', 'info@laotemples.com', 'http://www.laotemples.com', '0000-00-00', '', 'ວັດສະຫວ່າງສີສົມພອນ ບ້ານ ນາຜາສຸກ ໄຊທານີ ນະຄອນຫຼວງວຽງຈັນ', NULL, NULL, NULL, NULL, 'active', '2025-06-28 15:05:54', '2025-06-28 15:05:54', 1, 10),
(426, 'ວັດອາຣັນຍາວາດ', 'ບ້ານ ບໍ່ເຫຼັກ', '', 'info@laotemples.com', 'http://www.laotemples.com', '0000-00-00', '', 'ວັດອາຣັນຍາວາດ ບ້ານ ບໍ່ເຫຼັກ ໄຊທານີ ນະຄອນຫຼວງວຽງຈັນ', NULL, NULL, NULL, NULL, 'active', '2025-06-28 15:05:54', '2025-06-28 15:05:54', 1, 10),
(427, 'ວັດໂພທິສົມພອນໄຊຍະຣາມ', 'ບ້ານ ບໍ່ເຫຼັກ', '', 'info@laotemples.com', 'http://www.laotemples.com', '0000-00-00', '', 'ວັດໂພທິສົມພອນໄຊຍະຣາມ ບ້ານ ບໍ່ເຫຼັກ ໄຊທານີ ນະຄອນຫຼວງວຽງຈັນ', NULL, NULL, NULL, NULL, 'active', '2025-06-28 15:05:54', '2025-06-28 15:05:54', 1, 10),
(428, 'ວັດສີສະຫວາດ', 'ບ້ານ ໂພນສະຫວັນ', '', 'info@laotemples.com', 'http://www.laotemples.com', '0000-00-00', '', 'ວັດສີສະຫວາດ ບ້ານ ໂພນສະຫວັນ ໄຊທານີ ນະຄອນຫຼວງວຽງຈັນ', NULL, NULL, NULL, NULL, 'active', '2025-06-28 15:05:54', '2025-06-28 15:05:54', 1, 10),
(429, 'ວັັດສິຣິມັງຄະລາຣາມ', 'ບ້ານ ສ້າງຄອມ', '', 'info@laotemples.com', 'http://www.laotemples.com', '0000-00-00', '', 'ວັັດສິຣິມັງຄະລາຣາມ ບ້ານ ສ້າງຄອມ ໄຊທານີ ນະຄອນຫຼວງວຽງຈັນ', NULL, NULL, NULL, NULL, 'active', '2025-06-28 15:05:54', '2025-06-28 15:05:54', 1, 10),
(430, 'ວັດສີເທບທັມມະຄຸນ', 'ບ້ານ ຫາດກ້ຽງ', '', 'info@laotemples.com', 'http://www.laotemples.com', '0000-00-00', '', 'ວັດສີເທບທັມມະຄຸນ ບ້ານ ຫາດກ້ຽງ ໄຊທານີ ນະຄອນຫຼວງວຽງຈັນ', NULL, NULL, NULL, NULL, 'active', '2025-06-28 15:05:54', '2025-06-28 15:05:54', 1, 10),
(431, 'ວັດສິຣິມຸງຄຸນ', 'ບ້ານ ໂພນໄຮ່ຄຳ', '', 'info@laotemples.com', 'http://www.laotemples.com', '0000-00-00', '', 'ວັດສິຣິມຸງຄຸນ ບ້ານ ໂພນໄຮ່ຄຳ ໄຊທານີ ນະຄອນຫຼວງວຽງຈັນ', NULL, NULL, NULL, NULL, 'active', '2025-06-28 15:05:54', '2025-06-28 15:05:54', 1, 10),
(432, 'ວັດວິເສດຄົງຄາ', 'ບ້ານ ໂພນໂຮງ', '', 'info@laotemples.com', 'http://www.laotemples.com', '0000-00-00', '', 'ວັດວິເສດຄົງຄາ ບ້ານ ໂພນໂຮງ ໄຊທານີ ນະຄອນຫຼວງວຽງຈັນ', NULL, NULL, NULL, NULL, 'active', '2025-06-28 15:05:54', '2025-06-28 15:05:54', 1, 10),
(433, 'ວັດສີສະຫວາດ', 'ບ້ານ ໂພນຄໍ້', '', 'info@laotemples.com', 'http://www.laotemples.com', '0000-00-00', '', 'ວັດສີສະຫວາດ ບ້ານ ໂພນຄໍ້ ໄຊທານີ ນະຄອນຫຼວງວຽງຈັນ', NULL, NULL, NULL, NULL, 'active', '2025-06-28 15:05:54', '2025-06-28 15:05:54', 1, 10),
(434, 'ວັດນາຂຸນຂຽນ', 'ບ້ານ ໂພນຄໍ້', '', 'info@laotemples.com', 'http://www.laotemples.com', '0000-00-00', '', 'ວັດນາຂຸນຂຽນ ບ້ານ ໂພນຄໍ້ ໄຊທານີ ນະຄອນຫຼວງວຽງຈັນ', NULL, NULL, NULL, NULL, 'active', '2025-06-28 15:05:54', '2025-06-28 15:05:54', 1, 10),
(435, 'ວັດໄຊຍະມຸງຄຸນ', 'ບ້ານ ຫາດພະອິນ', '', 'info@laotemples.com', 'http://www.laotemples.com', '0000-00-00', '', 'ວັດໄຊຍະມຸງຄຸນ ບ້ານ ຫາດພະອິນ ໄຊທານີ ນະຄອນຫຼວງວຽງຈັນ', NULL, NULL, NULL, NULL, 'active', '2025-06-28 15:05:54', '2025-06-28 15:05:54', 1, 10),
(436, 'ວັດປະຊານິຍົມ', 'ບ້ານ ນາກຸ້ງ', '', 'info@laotemples.com', 'http://www.laotemples.com', '0000-00-00', '', 'ວັດປະຊານິຍົມ ບ້ານ ນາກຸ້ງ ໄຊທານີ ນະຄອນຫຼວງວຽງຈັນ', NULL, NULL, NULL, NULL, 'active', '2025-06-28 15:05:54', '2025-06-28 15:05:54', 1, 10),
(437, 'ວັດປ່າອຳພາວັນ', 'ບ້ານ ທົ່ງມັ່ງ', '', 'info@laotemples.com', 'http://www.laotemples.com', '0000-00-00', '', 'ວັດປ່າອຳພາວັນ ບ້ານ ທົ່ງມັ່ງ ໄຊທານີ ນະຄອນຫຼວງວຽງຈັນ', NULL, NULL, NULL, NULL, 'active', '2025-06-28 15:05:54', '2025-06-28 15:05:54', 1, 10),
(438, 'ວັດໄຊຍະຣາມ', 'ບ້ານ ຊາມບອນ', '', 'info@laotemples.com', 'http://www.laotemples.com', '0000-00-00', '', 'ວັດໄຊຍະຣາມ ບ້ານ ຊາມບອນ ໄຊທານີ ນະຄອນຫຼວງວຽງຈັນ', NULL, NULL, NULL, NULL, 'active', '2025-06-28 15:05:54', '2025-06-28 15:05:54', 1, 10),
(439, 'ວັດວິສຸທະຣາມ', 'ບ້ານ ທົ່ງມັງ', '', 'info@laotemples.com', 'http://www.laotemples.com', '0000-00-00', '', 'ວັດວິສຸທະຣາມ ບ້ານ ທົ່ງມັງ ໄຊທານີ ນະຄອນຫຼວງວຽງຈັນ', NULL, NULL, NULL, NULL, 'active', '2025-06-28 15:05:54', '2025-06-28 15:05:54', 1, 10),
(440, 'ວັດໄຊຍະຣາມ', 'ບ້ານ ກຸດສາມບາດ', '', 'info@laotemples.com', 'http://www.laotemples.com', '0000-00-00', '', 'ວັດໄຊຍະຣາມ ບ້ານ ກຸດສາມບາດ ໄຊທານີ ນະຄອນຫຼວງວຽງຈັນ', NULL, NULL, NULL, NULL, 'active', '2025-06-28 15:05:54', '2025-06-28 15:05:54', 1, 10),
(441, 'ວັດໄຊຍະມຸງຄຸນ', 'ບ້ານ ຄຳຮຸ່ງ', '', 'info@laotemples.com', 'http://www.laotemples.com', '0000-00-00', '', 'ວັດໄຊຍະມຸງຄຸນ ບ້ານ ຄຳຮຸ່ງ ໄຊທານີ ນະຄອນຫຼວງວຽງຈັນ', NULL, NULL, NULL, NULL, 'active', '2025-06-28 15:05:54', '2025-06-28 15:05:54', 1, 10),
(442, 'ວັດຊ້າງຄູ້ສຸຂະຣາມ', 'ບ້ານ ສ້າງຄູ້', '', 'info@laotemples.com', 'http://www.laotemples.com', '0000-00-00', '', 'ວັດຊ້າງຄູ້ສຸຂະຣາມ ບ້ານ ສ້າງຄູ້ ໄຊທານີ ນະຄອນຫຼວງວຽງຈັນ', NULL, NULL, NULL, NULL, 'active', '2025-06-28 15:05:54', '2025-06-28 15:05:54', 1, 10),
(443, 'ວັດສິວິໄລ', 'ບ້ານ ສີວິໄລ', '', 'info@laotemples.com', 'http://www.laotemples.com', '0000-00-00', '', 'ວັດສິວິໄລ ບ້ານ ສີວິໄລ ໄຊທານີ ນະຄອນຫຼວງວຽງຈັນ', NULL, NULL, NULL, NULL, 'active', '2025-06-28 15:05:54', '2025-06-28 15:05:54', 1, 10),
(444, 'ວັດສຳນັກສົງວັດນ້ອຍໜອງພະຍາ', 'ບ້ານ ໜອງພະຍາ', '', 'info@laotemples.com', 'http://www.laotemples.com', '0000-00-00', '', 'ວັດສຳນັກສົງວັດນ້ອຍໜອງພະຍາ ບ້ານ ໜອງພະຍາ ໄຊທານີ ນະຄອນຫຼວງວຽງຈັນ', NULL, NULL, NULL, NULL, 'active', '2025-06-28 15:05:54', '2025-06-28 15:05:54', 1, 10),
(445, 'ວັດອຳພາວັນ', 'ບ້ານ ຕານມີໄຊ', '', 'info@laotemples.com', 'http://www.laotemples.com', '0000-00-00', '', 'ວັດອຳພາວັນ ບ້ານ ຕານມີໄຊ ໄຊທານີ ນະຄອນຫຼວງວຽງຈັນ', NULL, NULL, NULL, NULL, 'active', '2025-06-28 15:05:54', '2025-06-28 15:05:54', 1, 10),
(446, 'ວັດພຣະເຈົ້າໃຫຍ່ໄຊຖານີ', 'ບ້ານ ໜອງພະຍາ', '', 'info@laotemples.com', 'http://www.laotemples.com', '0000-00-00', '', 'ວັດພຣະເຈົ້າໃຫຍ່ໄຊຖານີ ບ້ານ ໜອງພະຍາ ໄຊທານີ ນະຄອນຫຼວງວຽງຈັນ', NULL, NULL, NULL, NULL, 'active', '2025-06-28 15:05:54', '2025-06-28 15:05:54', 1, 10),
(447, 'ວັດພຣະຂາວພັນນາຣາມ', 'ບ້ານ ພະຂາວ', '', 'info@laotemples.com', 'http://www.laotemples.com', '0000-00-00', '', 'ວັດພຣະຂາວພັນນາຣາມ ບ້ານ ພະຂາວ ໄຊທານີ ນະຄອນຫຼວງວຽງຈັນ', NULL, NULL, NULL, NULL, 'active', '2025-06-28 15:05:54', '2025-06-28 15:05:54', 1, 10),
(448, 'ວັດໂພໄຊຍະຣາມ', 'ບ້ານ ທ່າດິນແດງ', '', 'info@laotemples.com', 'http://www.laotemples.com', '0000-00-00', '', 'ວັດໂພໄຊຍະຣາມ ບ້ານ ທ່າດິນແດງ ໄຊທານີ ນະຄອນຫຼວງວຽງຈັນ', NULL, NULL, NULL, NULL, 'active', '2025-06-28 15:05:54', '2025-06-28 15:05:54', 1, 10),
(449, 'ວັດພົມຮັກພັດທະນາ', 'ບ້ານ ທ່າດິນແດງເໜື່ອ', '', 'info@laotemples.com', 'http://www.laotemples.com', '0000-00-00', '', 'ວັດພົມຮັກພັດທະນາ ບ້ານ ທ່າດິນແດງເໜື່ອ ໄຊທານີ ນະຄອນຫຼວງວຽງຈັນ', NULL, NULL, NULL, NULL, 'active', '2025-06-28 15:05:54', '2025-06-28 15:05:54', 1, 10),
(450, 'ວັດໄຊຍະມຸງຄຸນ', 'ບ້ານ ນາແຖ', '', 'info@laotemples.com', 'http://www.laotemples.com', '0000-00-00', '', 'ວັດໄຊຍະມຸງຄຸນ ບ້ານ ນາແຖ ໄຊທານີ ນະຄອນຫຼວງວຽງຈັນ', NULL, NULL, NULL, NULL, 'active', '2025-06-28 15:05:54', '2025-06-28 15:05:54', 1, 10),
(451, 'ວັດປ່າໂນນວິເວກນາຂາມ', 'ບ້ານ ນາແຖ', '', 'info@laotemples.com', 'http://www.laotemples.com', '0000-00-00', '', 'ວັດປ່າໂນນວິເວກນາຂາມ ບ້ານ ນາແຖ ໄຊທານີ ນະຄອນຫຼວງວຽງຈັນ', NULL, NULL, NULL, NULL, 'active', '2025-06-28 15:05:54', '2025-06-28 15:05:54', 1, 10),
(452, 'ວັດທ່າກົກໂພໄຊຍະຣາມ', 'ບ້ານ ດວງບຸດດີ', '', 'info@laotemples.com', 'http://www.laotemples.com', '0000-00-00', '', 'ວັດທ່າກົກໂພໄຊຍະຣາມ ບ້ານ ດວງບຸດດີ ໄຊທານີ ນະຄອນຫຼວງວຽງຈັນ', NULL, NULL, NULL, NULL, 'active', '2025-06-28 15:05:54', '2025-06-28 15:05:54', 1, 10),
(453, 'ວັດສີຊົມຊື່ນ', 'ບ້ານ ດົງບັງ', '', 'info@laotemples.com', 'http://www.laotemples.com', '0000-00-00', '', 'ວັດສີຊົມຊື່ນ ບ້ານ ດົງບັງ ໄຊທານີ ນະຄອນຫຼວງວຽງຈັນ', NULL, NULL, NULL, NULL, 'active', '2025-06-28 15:05:54', '2025-06-28 15:05:54', 1, 10),
(454, 'ວັດໂພນຕ້ອງ', 'ບ້ານ ໂພນຕ້ອງ', '', 'info@laotemples.com', 'http://www.laotemples.com', '0000-00-00', '', 'ວັດໂພນຕ້ອງ ບ້ານ ໂພນຕ້ອງ ໄຊທານີ ນະຄອນຫຼວງວຽງຈັນ', NULL, NULL, NULL, NULL, 'active', '2025-06-28 15:05:54', '2025-06-28 15:05:54', 1, 10),
(455, 'ວັດໂນນແຍງ', 'ບ້ານ ໂນນແຍງ', '', 'info@laotemples.com', 'http://www.laotemples.com', '0000-00-00', '', 'ວັດໂນນແຍງ ບ້ານ ໂນນແຍງ ໄຊທານີ ນະຄອນຫຼວງວຽງຈັນ', NULL, NULL, NULL, NULL, 'active', '2025-06-28 15:05:54', '2025-06-28 15:05:54', 1, 10),
(456, 'ວັດນາສາລາ', 'ບ້ານ ນາສາລາ', '', 'info@laotemples.com', 'http://www.laotemples.com', '0000-00-00', '', 'ວັດນາສາລາ ບ້ານ ນາສາລາ ໄຊທານີ ນະຄອນຫຼວງວຽງຈັນ', NULL, NULL, NULL, NULL, 'active', '2025-06-28 15:05:54', '2025-06-28 15:05:54', 1, 10),
(457, 'ວັດໄຊຍະມຸງຄຸນ', 'ບ້ານ ໂນນແຕ້', '', 'info@laotemples.com', 'http://www.laotemples.com', '0000-00-00', '', 'ວັດໄຊຍະມຸງຄຸນ ບ້ານ ໂນນແຕ້ ໄຊທານີ ນະຄອນຫຼວງວຽງຈັນ', NULL, NULL, NULL, NULL, 'active', '2025-06-28 15:05:54', '2025-06-28 15:05:54', 1, 10),
(458, 'ວັດສີຊົມຊື່ນ', 'ບ້ານ ໂພນງາມ', '', 'info@laotemples.com', 'http://www.laotemples.com', '0000-00-00', '', 'ວັດສີຊົມຊື່ນ ບ້ານ ໂພນງາມ ໄຊທານີ ນະຄອນຫຼວງວຽງຈັນ', NULL, NULL, NULL, NULL, 'active', '2025-06-28 15:05:54', '2025-06-28 15:05:54', 1, 10);
INSERT INTO `temples` (`id`, `name`, `address`, `phone`, `email`, `website`, `founding_date`, `abbot_name`, `description`, `photo`, `logo`, `latitude`, `longitude`, `status`, `created_at`, `updated_at`, `province_id`, `district_id`) VALUES
(459, 'ວັດທໍາມະຄຸນໄຊຍະຣາມ', 'ບ້ານ ທ່າດອກຄໍາ', '', 'info@laotemples.com', 'http://www.laotemples.com', '0000-00-00', '', 'ວັດທໍາມະຄຸນໄຊຍະຣາມ ບ້ານ ທ່າດອກຄໍາ ໄຊທານີ ນະຄອນຫຼວງວຽງຈັນ', NULL, NULL, NULL, NULL, 'active', '2025-06-28 15:05:54', '2025-06-28 15:05:54', 1, 10),
(460, 'ວັດນາໂພໄຊຍະຣາ', 'ບ້ານ ໂຄກສີວິໄລ', '', 'info@laotemples.com', 'http://www.laotemples.com', '0000-00-00', '', 'ວັດນາໂພໄຊຍະຣາ ບ້ານ ໂຄກສີວິໄລ ໄຊທານີ ນະຄອນຫຼວງວຽງຈັນ', NULL, NULL, NULL, NULL, 'active', '2025-06-28 15:05:54', '2025-06-28 15:05:54', 1, 10),
(461, 'ວັດໜອງບົວພຸດທະຣາມ', 'ບ້ານ ໜອງບົວ', '', 'info@laotemples.com', 'http://www.laotemples.com', '0000-00-00', '', 'ວັດໜອງບົວພຸດທະຣາມ  ບ້ານ ໜອງບົວ ໄຊທານີ ນະຄອນຫຼວງວຽງຈັນ', NULL, NULL, NULL, NULL, 'active', '2025-06-28 15:05:54', '2025-06-28 15:05:54', 1, 10),
(462, 'ວັດໂພໄຊຍະຣາມ', 'ບ້ານ ນາມົນ', '', 'info@laotemples.com', 'http://www.laotemples.com', '0000-00-00', '', 'ວັດໂພໄຊຍະຣາມ ບ້ານ ນາມົນ ໄຊທານີ ນະຄອນຫຼວງວຽງຈັນ', NULL, NULL, NULL, NULL, 'active', '2025-06-28 15:05:54', '2025-06-28 15:05:54', 1, 10),
(463, 'ວັດສິສະລະສະຣາຣາມ', 'ບ້ານ ໂພຄຳ', '', 'info@laotemples.com', 'http://www.laotemples.com', '0000-00-00', '', 'ວັດສິສະລະສະຣາຣາມ ບ້ານ ໂພຄຳ ໄຊທານີ ນະຄອນຫຼວງວຽງຈັນ', NULL, NULL, NULL, NULL, 'active', '2025-06-28 15:05:54', '2025-06-28 15:05:54', 1, 10),
(464, 'ວັດອາລຸນໄຊຍະຣາ', 'ບ້ານ ໂຄກນ້ອຍ', '', 'info@laotemples.com', 'http://www.laotemples.com', '0000-00-00', '', 'ວັດອາລຸນໄຊຍະຣາ ບ້ານ ໂຄກນ້ອຍ ໄຊທານີ ນະຄອນຫຼວງວຽງຈັນ', NULL, NULL, NULL, NULL, 'active', '2025-06-28 15:05:54', '2025-06-28 15:05:54', 1, 10),
(465, 'ວັດໂພທິຍາຣາມ', 'ບ້ານ ໂຄກໃຫຍ່', '', 'info@laotemples.com', 'http://www.laotemples.com', '0000-00-00', '', 'ວັດໂພທິຍາຣາມ ບ້ານ ໂຄກໃຫຍ່ ໄຊທານີ ນະຄອນຫຼວງວຽງຈັນ', NULL, NULL, NULL, NULL, 'active', '2025-06-28 15:05:54', '2025-06-28 15:05:54', 1, 10),
(466, 'ວັດອານົງຄາຣາມ', 'ບ້ານ ສະພັງຄະນົງ', '', 'info@laotemples.com', 'http://www.laotemples.com', '0000-00-00', '', 'ວັດອານົງຄາຣາມ ບ້ານ ສະພັງຄະນົງ ໄຊທານີ ນະຄອນຫຼວງວຽງຈັນ', NULL, NULL, NULL, NULL, 'active', '2025-06-28 15:05:54', '2025-06-28 15:05:54', 1, 10),
(467, 'ວັດໂພໄຊຍະຣາມ', 'ບ້ານ ໂຄກສະອາດ', '', 'info@laotemples.com', 'http://www.laotemples.com', '0000-00-00', '', 'ວັດໂພໄຊຍະຣາມ ບ້ານ ໂຄກສະອາດ ໄຊທານີ ນະຄອນຫຼວງວຽງຈັນ', NULL, NULL, NULL, NULL, 'active', '2025-06-28 15:05:54', '2025-06-28 15:05:54', 1, 10),
(468, 'ວັດໄຊສົມບູນສິຣິມຸງຄຸນ', 'ບ້ານ ໄຊສົມບູນ', '', 'info@laotemples.com', 'http://www.laotemples.com', '0000-00-00', '', 'ວັດໄຊສົມບູນສິຣິມຸງຄຸນ ບ້ານ ໄຊສົມບູນ ໄຊທານີ ນະຄອນຫຼວງວຽງຈັນ', NULL, NULL, NULL, NULL, 'active', '2025-06-28 15:05:54', '2025-06-28 15:05:54', 1, 10),
(469, 'ວັດໃໝ່ໄຊຈະເລີນວະນາຣາມ', 'ບ້ານ ໄຊສົມບູນ', '', 'info@laotemples.com', 'http://www.laotemples.com', '0000-00-00', '', 'ວັດໃໝ່ໄຊຈະເລີນວະນາຣາມ ບ້ານ ໄຊສົມບູນ ໄຊທານີ ນະຄອນຫຼວງວຽງຈັນ', NULL, NULL, NULL, NULL, 'active', '2025-06-28 15:05:54', '2025-06-28 15:05:54', 1, 10),
(470, 'ວັດສະຫວ່າງ', 'ບ້ານ ທ່ານາກ', '', 'info@laotemples.com', 'http://www.laotemples.com', '0000-00-00', '', 'ວັດສະຫວ່າງ ບ້ານ ທ່ານາກ ໄຊທານີ ນະຄອນຫຼວງວຽງຈັນ', NULL, NULL, NULL, NULL, 'active', '2025-06-28 15:05:54', '2025-06-28 15:05:54', 1, 10),
(471, 'ວັດປູ່ກາລະນາກ', 'ບ້ານ ນາລ້ອມ', '', 'info@laotemples.com', 'http://www.laotemples.com', '0000-00-00', '', 'ວັດປູ່ກາລະນາກ ບ້ານ ນາລ້ອມ ໄຊທານີ ນະຄອນຫຼວງວຽງຈັນ', NULL, NULL, NULL, NULL, 'active', '2025-06-28 15:05:54', '2025-06-28 15:05:54', 1, 10),
(472, 'ວັດນາຕ້າຍ', 'ບ້ານ ນາລ້ອມ', '', 'info@laotemples.com', 'http://www.laotemples.com', '0000-00-00', '', 'ວັດນາຕ້າຍ ບ້ານ ນາລ້ອມ ໄຊທານີ ນະຄອນຫຼວງວຽງຈັນ', NULL, NULL, NULL, NULL, 'active', '2025-06-28 15:05:54', '2025-06-28 15:05:54', 1, 10),
(473, 'ວັດປ່າສາມັກຄີທັມໄຊຍະຣາມ', 'ບ້ານ ໜອງວຽງຄຳ', '', 'info@laotemples.com', 'http://www.laotemples.com', '0000-00-00', '', 'ວັດປ່າສາມັກຄີທັມໄຊຍະຣາມ ບ້ານ ໜອງວຽງຄຳ ໄຊທານີ ນະຄອນຫຼວງວຽງຈັນ', NULL, NULL, NULL, NULL, 'active', '2025-06-28 15:05:54', '2025-06-28 15:05:54', 1, 10),
(474, 'ວັດສິວຽງຄຳໂພທາຣາມ', 'ບ້ານ ໜອງວຽງຄຳ', '', 'info@laotemples.com', 'http://www.laotemples.com', '0000-00-00', '', 'ວັດສິວຽງຄຳໂພທາຣາມ ບ້ານ ໜອງວຽງຄຳ ໄຊທານີ ນະຄອນຫຼວງວຽງຈັນ', NULL, NULL, NULL, NULL, 'active', '2025-06-28 15:05:54', '2025-06-28 15:05:54', 1, 10),
(475, 'ວັດປ່າສາມັກຄີທັມ', 'ບ້ານ ສະພັງມຶກ', '', 'info@laotemples.com', 'http://www.laotemples.com', '0000-00-00', '', 'ວັດປ່າສາມັກຄີທັມ ບ້ານ ສະພັງມຶກ ໄຊທານີ ນະຄອນຫຼວງວຽງຈັນ', NULL, NULL, NULL, NULL, 'active', '2025-06-28 15:05:54', '2025-06-28 15:05:54', 1, 10),
(476, 'ວັດໂພສີ', 'ບ້ານ ສະພັງເມິກ', '', 'info@laotemples.com', 'http://www.laotemples.com', '0000-00-00', '', 'ວັດໂພສີ ບ້ານ ສະພັງເມິກ ໄຊທານີ ນະຄອນຫຼວງວຽງຈັນ', NULL, NULL, NULL, NULL, 'active', '2025-06-28 15:05:54', '2025-06-28 15:05:54', 1, 10),
(477, 'ວັດຫ້ວຍແດນເມືອງ', 'ບ້ານ ຫ້ວຍແດນເມືອງ', '', 'info@laotemples.com', 'http://www.laotemples.com', '0000-00-00', '', 'ວັດຫ້ວຍແດນເມືອງ ບ້ານ ຫ້ວຍແດນເມືອງ ໄຊທານີ ນະຄອນຫຼວງວຽງຈັນ', NULL, NULL, NULL, NULL, 'active', '2025-06-28 15:05:54', '2025-06-28 15:05:54', 1, 10),
(478, 'ວັດບຸນຄໍ້າພຸດທາຣາມ', 'ບ້ານ ຫ້ວຍເຕີຍ', '', 'info@laotemples.com', 'http://www.laotemples.com', '0000-00-00', '', 'ວັດບຸນຄໍ້າພຸດທາຣາມ ບ້ານ ຫ້ວຍເຕີຍ ໄຊທານີ ນະຄອນຫຼວງວຽງຈັນ', NULL, NULL, NULL, NULL, 'active', '2025-06-28 15:05:54', '2025-06-28 15:05:54', 1, 10),
(479, 'ວັດພຸດທະເມດຕາ', 'ບ້ານ ໂນນແສງຈັນ', '', 'info@laotemples.com', 'http://www.laotemples.com', '0000-00-00', '', 'ວັດພຸດທະເມດຕາ  ບ້ານ ໂນນແສງຈັນ ໄຊທານີ ນະຄອນຫຼວງວຽງຈັນ', NULL, NULL, NULL, NULL, 'active', '2025-06-28 15:05:54', '2025-06-28 15:05:54', 1, 10),
(480, 'ວັດວຽງແກ້ວ', 'ບ້ານ ວຽງແກ້ວ', '', 'info@laotemples.com', 'http://www.laotemples.com', '0000-00-00', '', 'ວັດວຽງແກ້ວ ບ້ານ ວຽງແກ້ວ ໄຊທານີ ນະຄອນຫຼວງວຽງຈັນ', NULL, NULL, NULL, NULL, 'active', '2025-06-28 15:05:54', '2025-06-28 15:05:54', 1, 10),
(481, 'ວັດສີມຸງຄຸນ', 'ບ້ານ ດົງໂດກ', '', 'info@laotemples.com', 'http://www.laotemples.com', '0000-00-00', '', 'ວັດສີມຸງຄຸນ ບ້ານ ດົງໂດກ ໄຊທານີ ນະຄອນຫຼວງວຽງຈັນ', NULL, NULL, NULL, NULL, 'active', '2025-06-28 15:05:54', '2025-06-28 15:05:54', 1, 10),
(482, 'ວັດປ່າອາຣັນວິຈິດຕະທຳມາຣາມ', 'ບ້ານ ນາທົ່ມ', '', 'info@laotemples.com', 'http://www.laotemples.com', '0000-00-00', '', 'ວັດປ່າອາຣັນວິຈິດຕະທຳມາຣາມ ບ້ານ ນາທົ່ມ ໄຊທານີ ນະຄອນຫຼວງວຽງຈັນ', NULL, NULL, NULL, NULL, 'active', '2025-06-28 15:05:54', '2025-06-28 15:05:54', 1, 10),
(483, 'ວັດໂພໄຊສິຍະລາມ', 'ບ້ານ ຈະເລີນໄຊ', '', 'info@laotemples.com', 'http://www.laotemples.com', '0000-00-00', '', 'ວັດໂພໄຊສິຍະລາມ ບ້ານ ຈະເລີນໄຊ ໄຊທານີ ນະຄອນຫຼວງວຽງຈັນ', NULL, NULL, NULL, NULL, 'active', '2025-06-28 15:05:54', '2025-06-28 15:05:54', 1, 10),
(484, 'ວັດສີສະຫວາດ', 'ບ້ານ ເວີນຄຳ', '', 'info@laotemples.com', 'http://www.laotemples.com', '0000-00-00', '', 'ວັດສີສະຫວາດ ບ້ານ ເວີນຄຳ ໄຊທານີ ນະຄອນຫຼວງວຽງຈັນ', NULL, NULL, NULL, NULL, 'active', '2025-06-28 15:05:54', '2025-06-28 15:05:54', 1, 10),
(485, 'ວັດໂຄດົມສີວຽງໄຊ', 'ບ້ານ ໂພນໄຊ', '', 'info@laotemples.com', 'http://www.laotemples.com', '0000-00-00', '', 'ວັດໂຄດົມສີວຽງໄຊ  ບ້ານ ໂພນໄຊ ໄຊທານີ ນະຄອນຫຼວງວຽງຈັນ', NULL, NULL, NULL, NULL, 'active', '2025-06-28 15:05:54', '2025-06-28 15:05:54', 1, 10),
(486, 'ວັດໂພໄຊຍະຣາມ', 'ບ້ານ ໜອງໂນ', '', 'info@laotemples.com', 'http://www.laotemples.com', '0000-00-00', '', 'ວັດໂພໄຊຍະຣາມ ບ້ານ ໜອງໂນ ໄຊທານີ ນະຄອນຫຼວງວຽງຈັນ', NULL, NULL, NULL, NULL, 'active', '2025-06-28 15:05:54', '2025-06-28 15:05:54', 1, 10),
(487, 'ວັັດແສງມະນີໂພທິຍາຣາມ', 'ບ້ານ ໂພນງາມ', '', 'info@laotemples.com', 'http://www.laotemples.com', '0000-00-00', '', 'ວັັດແສງມະນີໂພທິຍາຣາມ ໄຊທານີ ນະຄອນຫຼວງວຽງຈັນ', NULL, NULL, NULL, NULL, 'active', '2025-06-28 15:05:54', '2025-06-28 15:05:54', 1, 10),
(488, 'ວັດສີໄຊຍະຣາມ', 'ບ້ານ ສາມສະອາດ', '', 'info@laotemples.com', 'http://www.laotemples.com', '0000-00-00', '', 'ວັດສີໄຊຍະຣາມ ບ້ານ ສາມສະອາດ ໄຊທານີ ນະຄອນຫຼວງວຽງຈັນ', NULL, NULL, NULL, NULL, 'active', '2025-06-28 15:05:54', '2025-06-28 15:05:54', 1, 10),
(489, 'ວັດໄຊຍະຣາມ', 'ບ້ານ ໂພນໄຊ', '', 'info@laotemples.com', 'http://www.laotemples.com', '0000-00-00', '', 'ວັດໄຊຍະຣາມ ບ້ານ ໂພນໄຊ ໄຊທານີ ນະຄອນຫຼວງວຽງຈັນ', NULL, NULL, NULL, NULL, 'active', '2025-06-28 15:05:54', '2025-06-28 15:05:54', 1, 10),
(490, 'ວັດປ່າສີບຸນຢືນ', 'ບ້ານ ໂພນໄຊ', '', 'info@laotemples.com', 'http://www.laotemples.com', '0000-00-00', '', 'ວັດປ່າສີບຸນຢືນ ບ້ານ ໂພນໄຊ ໄຊທານີ ນະຄອນຫຼວງວຽງຈັນ', NULL, NULL, NULL, NULL, 'active', '2025-06-28 15:05:54', '2025-06-28 15:05:54', 1, 10),
(491, 'ວັດໄຊຍະລາມ', 'ບ້ານ ໂພນໄຊ', '', 'info@laotemples.com', 'http://www.laotemples.com', '0000-00-00', '', 'ວັດໄຊຍະລາມ ບ້ານ ໂພນໄຊ ໄຊທານີ ນະຄອນຫຼວງວຽງຈັນ', NULL, NULL, NULL, NULL, 'active', '2025-06-28 15:05:54', '2025-06-28 15:05:54', 1, 10),
(492, 'ວັດສີຊົມຊື່ນໄຊຍະມຸງຄຸນ', 'ບ້ານ ໜອງເຂັງ', '', 'info@laotemples.com', 'http://www.laotemples.com', '0000-00-00', '', 'ວັດສີຊົມຊື່ນໄຊຍະມຸງຄຸນ ບ້ານ ໜອງເຂັງ ໄຊທານີ ນະຄອນຫຼວງວຽງຈັນ', NULL, NULL, NULL, NULL, 'active', '2025-06-28 15:05:54', '2025-06-28 15:05:54', 1, 10),
(493, 'ວັດສັນຕິທັມມະຣາມ', 'ບ້ານ ດອນຕິ້ວ', '', 'info@laotemples.com', 'http://www.laotemples.com', '0000-00-00', '', 'ວັດສັນຕິທັມມະຣາມ ບ້ານ ດອນຕິ້ວ ໄຊທານີ ນະຄອນຫຼວງວຽງຈັນ', NULL, NULL, NULL, NULL, 'active', '2025-06-28 15:05:54', '2025-06-28 15:05:54', 1, 10),
(494, 'ວັດພຣະບາດໂພນຄໍ້', 'ບ້ານ ໄຊ', '', 'info@laotemples.com', 'http://www.laotemples.com', '0000-00-00', '', 'ວັດພຣະບາດໂພນຄໍ້ ບ້ານ ໄຊ ໄຊທານີ ນະຄອນຫຼວງວຽງຈັນ', NULL, NULL, NULL, NULL, 'active', '2025-06-28 15:05:54', '2025-06-28 15:05:54', 1, 10),
(495, 'ວັດພຸດທະວົງ', 'ບ້ານ ໄຊ', '', 'info@laotemples.com', 'http://www.laotemples.com', '0000-00-00', '', 'ວັດພຸດທະວົງ ບ້ານ ໄຊ ໄຊທານີ ນະຄອນຫຼວງວຽງຈັນ', NULL, NULL, NULL, NULL, 'active', '2025-06-28 15:05:54', '2025-06-28 15:05:54', 1, 10),
(496, 'ວັດວຽງສະຫວັນທັມມະຣາມ', 'ບ້ານ ໄຊ', '', 'info@laotemples.com', 'http://www.laotemples.com', '0000-00-00', '', 'ວັດວຽງສະຫວັນທັມມະຣາມ ບ້ານ ໄຊ ໄຊທານີ ນະຄອນຫຼວງວຽງຈັນ', NULL, NULL, NULL, NULL, 'active', '2025-06-28 15:05:54', '2025-06-28 15:05:54', 1, 10),
(497, 'ວັດທົ່ງນາແຄວະຣາຣາມ', 'ບ້ານ ນາແຄ', '', 'info@laotemples.com', 'http://www.laotemples.com', '0000-00-00', '', 'ວັດທົ່ງນາແຄວະຣາຣາມ ບ້ານ ນາແຄໄຊທານີ ນະຄອນຫຼວງວຽງຈັນ', NULL, NULL, NULL, NULL, 'active', '2025-06-28 15:05:54', '2025-06-28 15:05:54', 1, 10),
(498, 'ວັດສີຊົມຊື່ນ', 'ບ້ານ ດອນໜູນ', '', 'info@laotemples.com', 'http://www.laotemples.com', '0000-00-00', '', 'ວັດສີຊົມຊື່ນ ບ້ານ ດອນໜູນ ໄຊທານີ ນະຄອນຫຼວງວຽງຈັນ', NULL, NULL, NULL, NULL, 'active', '2025-06-28 15:05:54', '2025-06-28 15:05:54', 1, 10),
(499, 'ວັດປ່າສັນຕິສຸກ', 'ບ້ານ ດອນໜູນ', '', 'info@laotemples.com', 'http://www.laotemples.com', '0000-00-00', '', 'ວັດປ່າສັນຕິສຸກ ບ້ານ ດອນໜູນ ໄຊທານີ ນະຄອນຫຼວງວຽງຈັນ', NULL, NULL, NULL, NULL, 'active', '2025-06-28 15:05:54', '2025-06-28 15:05:54', 1, 10),
(500, 'ວັດໄຊຍະຣາມ', 'ບ້ານ ດົງສ້າງຫີນ', '', 'info@laotemples.com', 'http://www.laotemples.com', '0000-00-00', '', 'ວັດໄຊຍະຣາມ ບ້ານ ດົງສ້າງຫີນ ໄຊທານີ ນະຄອນຫຼວງວຽງຈັນ', NULL, NULL, NULL, NULL, 'active', '2025-06-28 15:05:54', '2025-06-28 15:05:54', 1, 10),
(501, 'ວັດໂມກຄະລານະມະຫາວິຫານ', 'ບ້ານ ດົງໝາກຄາຍ', '', 'info@laotemples.com', 'http://www.laotemples.com', '0000-00-00', '', 'ວັດໂມກຄະລານະມະຫາວິຫານ ບ້ານ ດົງໝາກຄາຍ ໄຊທານີ ນະຄອນຫຼວງວຽງຈັນ', NULL, NULL, NULL, NULL, 'active', '2025-06-28 15:05:54', '2025-06-28 15:05:54', 1, 10),
(502, 'ວັດປ່າສະຫວັນພົມ', 'ບ້ານ ດົງໝາກຄາຍ', '', 'info@laotemples.com', 'http://www.laotemples.com', '0000-00-00', '', 'ວັດປ່າສະຫວັນພົມ ບ້ານ ດົງໝາກຄາຍ ໄຊທານີ ນະຄອນຫຼວງວຽງຈັນ', NULL, NULL, NULL, NULL, 'active', '2025-06-28 15:05:54', '2025-06-28 15:05:54', 1, 10),
(503, 'ວັດມຸງຄຸນໄຊຍະຣາມ', 'ບ້ານ ໄຊສະຫວ່າງ', '', 'info@laotemples.com', 'http://www.laotemples.com', '0000-00-00', '', 'ວັດມຸງຄຸນໄຊຍະຣາມ ບ້ານ ໄຊສະຫວ່າງ ໄຊທານີ ນະຄອນຫຼວງວຽງຈັນ', NULL, NULL, NULL, NULL, 'active', '2025-06-28 15:05:54', '2025-06-28 15:05:54', 1, 10),
(504, 'ວັດເອລາວັນໄຊຍະມຸງຄຸງ', 'ບ້ານ ດ່ານຊ້າງ', '', 'info@laotemples.com', 'http://www.laotemples.com', '0000-00-00', '', 'ວັດເອລາວັນໄຊຍະມຸງຄຸງ ບ້ານ ດ່ານຊ້າງ ໄຊທານີ ນະຄອນຫຼວງວຽງຈັນ', NULL, NULL, NULL, NULL, 'active', '2025-06-28 15:05:54', '2025-06-28 15:05:54', 1, 10),
(505, 'ວັດປ່າລຸມພີນີສີສັດຕະນະຣາມ', 'ບ້ານ ດ່ານຊ້າງ', '', 'info@laotemples.com', 'http://www.laotemples.com', '0000-00-00', '', 'ວັດປ່າລຸມພີນີສີສັດຕະນະຣາມ ບ້ານ ດ່ານຊ້າງ ໄຊທານີ ນະຄອນຫຼວງວຽງຈັນ', NULL, NULL, NULL, NULL, 'active', '2025-06-28 15:05:54', '2025-06-28 15:05:54', 1, 10),
(506, 'ວັດຈອມແພງໄຊຍະມຸງຄຸນ', 'ບ້ານ ດ່ານຊ້າງ', '', 'info@laotemples.com', 'http://www.laotemples.com', '0000-00-00', '', 'ວັດຈອມແພງໄຊຍະມຸງຄຸນ ບ້ານ ດ່ານຊ້າງ ໄຊທານີ ນະຄອນຫຼວງວຽງຈັນ', NULL, NULL, NULL, NULL, 'active', '2025-06-28 15:05:54', '2025-06-28 15:05:54', 1, 10);

-- --------------------------------------------------------

--
-- Table structure for table `users`
--

CREATE TABLE `users` (
  `id` int(11) NOT NULL,
  `temple_id` int(11) DEFAULT NULL,
  `username` varchar(50) NOT NULL,
  `password` varchar(255) NOT NULL,
  `name` varchar(100) DEFAULT NULL,
  `role` enum('superadmin','admin','user','province_admin') DEFAULT 'user',
  `created_at` datetime DEFAULT current_timestamp(),
  `email` varchar(255) DEFAULT NULL,
  `phone` varchar(20) DEFAULT NULL,
  `status` enum('active','pending','inactive') NOT NULL DEFAULT 'pending',
  `updated_at` timestamp NULL DEFAULT NULL,
  `reset_token` varchar(255) DEFAULT NULL,
  `reset_token_expires` datetime DEFAULT NULL
) ENGINE=InnoDB DEFAULT CHARSET=utf8 COLLATE=utf8_general_ci;

--
-- Dumping data for table `users`
--

INSERT INTO `users` (`id`, `temple_id`, `username`, `password`, `name`, `role`, `created_at`, `email`, `phone`, `status`, `updated_at`, `reset_token`, `reset_token_expires`) VALUES
(3, NULL, 'superadmin', '$2y$10$cWve8MIvf0YkB5N2fOiT9uB9m8VCAIU7uvicfXmZUmsfg3KMZZpzC', 'Super Admin', 'superadmin', '2025-06-08 19:51:20', 'phathasyla@gmail.com', '77772338', 'active', '2025-06-23 10:35:45', '0f2ebbcb52fe7761ffe2153239355e707a8bd1c466c056ef24890a54ff010735', '2025-06-18 09:55:21'),
(12, NULL, 'thonglun', '$2y$10$QsWpyJIElsikIAn05BbcQOSIOmgY7CHBWO3Uhe0493ewrwt2jfKo.', 'thonglunsy', 'province_admin', '2025-06-11 23:58:28', 'thonlun@gmail.com', '65653212', 'active', '2025-06-28 09:55:07', NULL, NULL),
(18, NULL, 'superadmin2', '$2y$10$iO7sdZAThzMO0Ti72mEHWO4hOktnnrBPsScyAvVhS.EK1TFu0kCjq', 'super', 'province_admin', '2025-06-17 21:00:51', 'sup@gmail.com', '123456785', 'active', '2025-06-20 07:13:07', NULL, NULL),
(19, 82, 'Nong', '$2y$10$i9sSt1Q7zQTn201tgPGwZuv.vGwMJNcJoMtMpZBcdz6kVQiF7VEYq', 'nong', 'admin', '2025-06-20 08:41:56', 'nong@gmail.com', '2012325645', 'active', '2025-06-23 15:13:07', NULL, NULL),
(20, NULL, 'von1', '$2y$10$0ukfWq3qfZfPpm1UfiiIfuL.9E5cTa.n4uuh.N5KjMNGxFDap5vTS', 'von1', 'province_admin', '2025-06-20 10:48:00', 'von1@gmail.com', '123456897', 'active', '2025-06-27 14:01:54', NULL, NULL),
(21, 36, 'son', '$2y$10$X9iUG.4znuV52L0/07r8b.Ya2Tic57kDKmGJDd4CN4.kFm.QrfqF6', 'son', 'admin', '2025-06-21 21:25:17', 'son@gmail.com', '123456789', 'active', '2025-06-21 14:27:17', NULL, NULL),
(22, 34, 'anan', '$2y$10$Ls/3zYup8z7VNZ/y05s3ceR7OtT/SdGKWpS/jQdhbXh/FSSJpbA2q', 'anan', 'user', '2025-06-22 21:36:19', 'anan@gmail.com', '12345678', 'active', '2025-06-23 15:12:13', NULL, NULL),
(23, 36, 'laotemples', '$2y$10$eFcRd902l9gr/jbMNCuS.eGTOzD24k01Gs4Yq3O.Xyb79MX2h4pHG', 'laotemples', 'superadmin', '2025-06-24 22:51:05', 'info@laotemples.com', '2091213388', 'active', NULL, NULL, NULL);

-- --------------------------------------------------------

--
-- Table structure for table `user_province_access`
--

CREATE TABLE `user_province_access` (
  `id` int(11) NOT NULL,
  `user_id` int(11) NOT NULL,
  `province_id` int(11) NOT NULL,
  `assigned_by` int(11) NOT NULL,
  `assigned_at` timestamp NOT NULL DEFAULT current_timestamp()
) ENGINE=InnoDB DEFAULT CHARSET=utf8 COLLATE=utf8_general_ci;

--
-- Dumping data for table `user_province_access`
--

INSERT INTO `user_province_access` (`id`, `user_id`, `province_id`, `assigned_by`, `assigned_at`) VALUES
(9, 18, 1, 3, '2025-06-20 07:13:07'),
(47, 19, 8, 3, '2025-06-21 06:31:31'),
(48, 19, 3, 3, '2025-06-21 06:31:31'),
(49, 19, 11, 3, '2025-06-21 06:31:31'),
(50, 19, 1, 3, '2025-06-21 06:31:31'),
(51, 19, 16, 3, '2025-06-21 06:31:31'),
(52, 19, 14, 3, '2025-06-21 06:31:31'),
(53, 19, 17, 3, '2025-06-21 06:31:31'),
(54, 19, 15, 3, '2025-06-21 06:31:31'),
(55, 19, 4, 3, '2025-06-21 06:31:31'),
(56, 19, 9, 3, '2025-06-21 06:31:31'),
(57, 19, 10, 3, '2025-06-21 06:31:31'),
(58, 19, 5, 3, '2025-06-21 06:31:31'),
(59, 19, 2, 3, '2025-06-21 06:31:31'),
(60, 19, 12, 3, '2025-06-21 06:31:31'),
(61, 19, 6, 3, '2025-06-21 06:31:31'),
(62, 19, 13, 3, '2025-06-21 06:31:31'),
(63, 19, 7, 3, '2025-06-21 06:31:31'),
(64, 19, 18, 3, '2025-06-21 06:31:31'),
(65, 20, 14, 23, '2025-06-27 14:01:54'),
(66, 12, 1, 3, '2025-06-28 09:55:07');

--
-- Indexes for dumped tables
--

--
-- Indexes for table `districts`
--
ALTER TABLE `districts`
  ADD PRIMARY KEY (`district_id`),
  ADD KEY `province_id` (`province_id`);

--
-- Indexes for table `events`
--
ALTER TABLE `events`
  ADD PRIMARY KEY (`id`),
  ADD KEY `temple_id` (`temple_id`);

--
-- Indexes for table `event_monk`
--
ALTER TABLE `event_monk`
  ADD PRIMARY KEY (`id`),
  ADD KEY `event_id` (`event_id`),
  ADD KEY `monk_id` (`monk_id`);

--
-- Indexes for table `monks`
--
ALTER TABLE `monks`
  ADD PRIMARY KEY (`id`),
  ADD KEY `temple_id` (`temple_id`),
  ADD KEY `idx_monks_id_card` (`id_card`);

--
-- Indexes for table `provinces`
--
ALTER TABLE `provinces`
  ADD PRIMARY KEY (`province_id`);

--
-- Indexes for table `settings`
--
ALTER TABLE `settings`
  ADD PRIMARY KEY (`id`),
  ADD UNIQUE KEY `setting_key` (`setting_key`);

--
-- Indexes for table `sms_logs`
--
ALTER TABLE `sms_logs`
  ADD PRIMARY KEY (`id`),
  ADD KEY `phone` (`phone`),
  ADD KEY `sent_at` (`sent_at`);

--
-- Indexes for table `subscriptions`
--
ALTER TABLE `subscriptions`
  ADD PRIMARY KEY (`id`),
  ADD KEY `user_id` (`user_id`),
  ADD KEY `temple_id` (`temple_id`),
  ADD KEY `plan_id` (`plan_id`);

--
-- Indexes for table `subscription_payments`
--
ALTER TABLE `subscription_payments`
  ADD PRIMARY KEY (`id`),
  ADD KEY `fk_subscription_payment` (`subscription_id`),
  ADD KEY `processed_by` (`processed_by`);

--
-- Indexes for table `subscription_plans`
--
ALTER TABLE `subscription_plans`
  ADD PRIMARY KEY (`id`);

--
-- Indexes for table `temples`
--
ALTER TABLE `temples`
  ADD PRIMARY KEY (`id`),
  ADD KEY `province_id` (`province_id`),
  ADD KEY `district_id` (`district_id`);

--
-- Indexes for table `users`
--
ALTER TABLE `users`
  ADD PRIMARY KEY (`id`),
  ADD KEY `temple_id` (`temple_id`);

--
-- Indexes for table `user_province_access`
--
ALTER TABLE `user_province_access`
  ADD PRIMARY KEY (`id`),
  ADD KEY `user_id` (`user_id`),
  ADD KEY `province_id` (`province_id`),
  ADD KEY `assigned_by` (`assigned_by`);

--
-- AUTO_INCREMENT for dumped tables
--

--
-- AUTO_INCREMENT for table `districts`
--
ALTER TABLE `districts`
  MODIFY `district_id` int(11) NOT NULL AUTO_INCREMENT, AUTO_INCREMENT=151;

--
-- AUTO_INCREMENT for table `events`
--
ALTER TABLE `events`
  MODIFY `id` int(11) NOT NULL AUTO_INCREMENT, AUTO_INCREMENT=9;

--
-- AUTO_INCREMENT for table `event_monk`
--
ALTER TABLE `event_monk`
  MODIFY `id` int(11) NOT NULL AUTO_INCREMENT, AUTO_INCREMENT=20;

--
-- AUTO_INCREMENT for table `monks`
--
ALTER TABLE `monks`
  MODIFY `id` int(11) NOT NULL AUTO_INCREMENT COMMENT 'ລະຫັດ', AUTO_INCREMENT=138;

--
-- AUTO_INCREMENT for table `provinces`
--
ALTER TABLE `provinces`
  MODIFY `province_id` int(11) NOT NULL AUTO_INCREMENT, AUTO_INCREMENT=19;

--
-- AUTO_INCREMENT for table `settings`
--
ALTER TABLE `settings`
  MODIFY `id` int(11) NOT NULL AUTO_INCREMENT, AUTO_INCREMENT=30;

--
-- AUTO_INCREMENT for table `sms_logs`
--
ALTER TABLE `sms_logs`
  MODIFY `id` int(11) NOT NULL AUTO_INCREMENT;

--
-- AUTO_INCREMENT for table `subscriptions`
--
ALTER TABLE `subscriptions`
  MODIFY `id` int(11) NOT NULL AUTO_INCREMENT, AUTO_INCREMENT=7;

--
-- AUTO_INCREMENT for table `subscription_payments`
--
ALTER TABLE `subscription_payments`
  MODIFY `id` int(11) NOT NULL AUTO_INCREMENT, AUTO_INCREMENT=8;

--
-- AUTO_INCREMENT for table `subscription_plans`
--
ALTER TABLE `subscription_plans`
  MODIFY `id` int(11) NOT NULL AUTO_INCREMENT, AUTO_INCREMENT=4;

--
-- AUTO_INCREMENT for table `temples`
--
ALTER TABLE `temples`
  MODIFY `id` int(11) NOT NULL AUTO_INCREMENT, AUTO_INCREMENT=507;

--
-- AUTO_INCREMENT for table `users`
--
ALTER TABLE `users`
  MODIFY `id` int(11) NOT NULL AUTO_INCREMENT, AUTO_INCREMENT=24;

--
-- AUTO_INCREMENT for table `user_province_access`
--
ALTER TABLE `user_province_access`
  MODIFY `id` int(11) NOT NULL AUTO_INCREMENT, AUTO_INCREMENT=67;

--
-- Constraints for dumped tables
--

--
-- Constraints for table `districts`
--
ALTER TABLE `districts`
  ADD CONSTRAINT `districts_ibfk_1` FOREIGN KEY (`province_id`) REFERENCES `provinces` (`province_id`) ON DELETE CASCADE;

--
-- Constraints for table `events`
--
ALTER TABLE `events`
  ADD CONSTRAINT `events_ibfk_1` FOREIGN KEY (`temple_id`) REFERENCES `temples` (`id`);

--
-- Constraints for table `event_monk`
--
ALTER TABLE `event_monk`
  ADD CONSTRAINT `event_monk_ibfk_1` FOREIGN KEY (`event_id`) REFERENCES `events` (`id`),
  ADD CONSTRAINT `event_monk_ibfk_2` FOREIGN KEY (`monk_id`) REFERENCES `monks` (`id`);

--
-- Constraints for table `monks`
--
ALTER TABLE `monks`
  ADD CONSTRAINT `monks_ibfk_1` FOREIGN KEY (`temple_id`) REFERENCES `temples` (`id`) ON DELETE CASCADE;

--
-- Constraints for table `subscriptions`
--
ALTER TABLE `subscriptions`
  ADD CONSTRAINT `subscriptions_ibfk_1` FOREIGN KEY (`user_id`) REFERENCES `users` (`id`),
  ADD CONSTRAINT `subscriptions_ibfk_2` FOREIGN KEY (`temple_id`) REFERENCES `temples` (`id`),
  ADD CONSTRAINT `subscriptions_ibfk_3` FOREIGN KEY (`plan_id`) REFERENCES `subscription_plans` (`id`);

--
-- Constraints for table `subscription_payments`
--
ALTER TABLE `subscription_payments`
  ADD CONSTRAINT `fk_subscription_payment` FOREIGN KEY (`subscription_id`) REFERENCES `subscriptions` (`id`) ON DELETE CASCADE,
  ADD CONSTRAINT `subscription_payments_ibfk_1` FOREIGN KEY (`processed_by`) REFERENCES `users` (`id`);

--
-- Constraints for table `temples`
--
ALTER TABLE `temples`
  ADD CONSTRAINT `temples_ibfk_1` FOREIGN KEY (`province_id`) REFERENCES `provinces` (`province_id`),
  ADD CONSTRAINT `temples_ibfk_2` FOREIGN KEY (`district_id`) REFERENCES `districts` (`district_id`) ON DELETE SET NULL;

--
-- Constraints for table `users`
--
ALTER TABLE `users`
  ADD CONSTRAINT `users_ibfk_1` FOREIGN KEY (`temple_id`) REFERENCES `temples` (`id`);

--
-- Constraints for table `user_province_access`
--
ALTER TABLE `user_province_access`
  ADD CONSTRAINT `user_province_access_ibfk_1` FOREIGN KEY (`user_id`) REFERENCES `users` (`id`) ON DELETE CASCADE,
  ADD CONSTRAINT `user_province_access_ibfk_2` FOREIGN KEY (`province_id`) REFERENCES `provinces` (`province_id`) ON DELETE CASCADE,
  ADD CONSTRAINT `user_province_access_ibfk_3` FOREIGN KEY (`assigned_by`) REFERENCES `users` (`id`) ON DELETE CASCADE;
COMMIT;

/*!40101 SET CHARACTER_SET_CLIENT=@OLD_CHARACTER_SET_CLIENT */;
/*!40101 SET CHARACTER_SET_RESULTS=@OLD_CHARACTER_SET_RESULTS */;
/*!40101 SET COLLATION_CONNECTION=@OLD_COLLATION_CONNECTION */;
